neighbourhood_group_cleansed_Charlottenburg-Wilm.,neighbourhood_group_cleansed_Friedrichshain-Kreuzberg,neighbourhood_group_cleansed_Lichtenberg,neighbourhood_group_cleansed_Marzahn - Hellersdorf,neighbourhood_group_cleansed_Mitte,neighbourhood_group_cleansed_Neukölln,neighbourhood_group_cleansed_Pankow,neighbourhood_group_cleansed_Reinickendorf,neighbourhood_group_cleansed_Spandau,neighbourhood_group_cleansed_Steglitz - Zehlendorf,neighbourhood_group_cleansed_Tempelhof - Schöneberg,neighbourhood_group_cleansed_Treptow - Köpenick,review_scores_rating
0,0,0,0,0,0,1,0,0,0,0,0,4.63
0,0,0,0,0,0,1,0,0,0,0,0,5.0
0,0,0,0,0,0,1,0,0,0,0,0,4.68
0,0,0,0,0,1,0,0,0,0,0,0,4.77
0,0,0,0,0,0,1,0,0,0,0,0,4.48
0,0,0,0,1,0,0,0,0,0,0,0,4.81
0,1,0,0,0,0,0,0,0,0,0,0,4.37
0,0,0,0,0,0,1,0,0,0,0,0,4.66
0,0,0,0,0,0,1,0,0,0,0,0,4.66
0,0,0,0,0,0,1,0,0,0,0,0,4.8
1,0,0,0,0,0,0,0,0,0,0,0,5.0
0,0,0,0,0,0,0,0,0,0,1,0,4.74
0,1,0,0,0,0,0,0,0,0,0,0,4.84
0,1,0,0,0,0,0,0,0,0,0,0,4.91
1,0,0,0,0,0,0,0,0,0,0,0,4.82
0,0,0,0,0,0,1,0,0,0,0,0,4.93
0,0,0,0,0,0,1,0,0,0,0,0,4.83
0,0,0,0,1,0,0,0,0,0,0,0,4.8
0,0,0,0,0,1,0,0,0,0,0,0,4.99
0,0,0,0,0,0,1,0,0,0,0,0,4.64
1,0,0,0,0,0,0,0,0,0,0,0,4.95
0,0,0,0,0,0,1,0,0,0,0,0,4.93
0,0,0,0,0,0,1,0,0,0,0,0,4.87
0,0,0,0,1,0,0,0,0,0,0,0,4.74
0,0,0,0,0,0,1,0,0,0,0,0,4.89
0,0,0,0,0,0,1,0,0,0,0,0,4.8
0,0,0,0,0,0,1,0,0,0,0,0,4.96
0,1,0,0,0,0,0,0,0,0,0,0,4.72
0,0,0,0,1,0,0,0,0,0,0,0,4.83
0,1,0,0,0,0,0,0,0,0,0,0,4.88
0,0,0,0,0,0,0,0,0,0,1,0,4.45
0,0,0,0,0,0,0,0,0,0,1,0,4.9
0,1,0,0,0,0,0,0,0,0,0,0,4.43
1,0,0,0,0,0,0,0,0,0,0,0,4.88
0,0,0,0,0,0,1,0,0,0,0,0,4.92
0,0,0,0,1,0,0,0,0,0,0,0,4.81
0,0,0,0,0,0,1,0,0,0,0,0,4.83
1,0,0,0,0,0,0,0,0,0,0,0,4.83
0,0,0,0,0,0,0,0,0,0,1,0,4.66
0,0,0,0,0,0,1,0,0,0,0,0,4.75
0,0,0,0,0,1,0,0,0,0,0,0,4.75
0,0,1,0,0,0,0,0,0,0,0,0,4.15
0,1,0,0,0,0,0,0,0,0,0,0,4.6
1,0,0,0,0,0,0,0,0,0,0,0,4.67
0,0,0,0,0,1,0,0,0,0,0,0,4.33
1,0,0,0,0,0,0,0,0,0,0,0,4.54
1,0,0,0,0,0,0,0,0,0,0,0,4.84
0,0,0,0,1,0,0,0,0,0,0,0,4.81
0,0,0,0,1,0,0,0,0,0,0,0,4.73
0,0,0,0,0,1,0,0,0,0,0,0,4.45
0,0,0,0,1,0,0,0,0,0,0,0,4.63
0,0,0,0,1,0,0,0,0,0,0,0,4.5
0,0,0,0,1,0,0,0,0,0,0,0,4.91
0,0,0,0,0,0,0,0,0,0,1,0,5.0
1,0,0,0,0,0,0,0,0,0,0,0,4.7
0,0,0,0,0,1,0,0,0,0,0,0,4.85
0,0,0,0,0,0,1,0,0,0,0,0,4.83
0,1,0,0,0,0,0,0,0,0,0,0,4.77
0,0,0,0,0,0,0,0,0,1,0,0,5.0
0,0,0,0,1,0,0,0,0,0,0,0,4.68
0,0,0,0,1,0,0,0,0,0,0,0,4.78
0,0,0,0,1,0,0,0,0,0,0,0,4.72
0,0,0,0,0,0,0,0,0,0,0,1,4.62
0,0,0,0,1,0,0,0,0,0,0,0,4.55
0,0,0,0,1,0,0,0,0,0,0,0,4.53
0,0,0,0,0,0,1,0,0,0,0,0,4.82
0,0,0,0,0,0,0,0,0,0,1,0,4.83
1,0,0,0,0,0,0,0,0,0,0,0,4.44
0,0,0,0,0,0,0,0,0,0,1,0,4.87
0,0,0,0,0,0,0,0,0,0,1,0,4.95
1,0,0,0,0,0,0,0,0,0,0,0,4.5
0,0,0,0,0,0,0,0,0,0,1,0,4.53
0,0,0,0,1,0,0,0,0,0,0,0,4.64
0,0,0,0,0,0,0,0,0,0,1,0,4.55
0,0,0,0,1,0,0,0,0,0,0,0,4.68
0,0,0,0,1,0,0,0,0,0,0,0,4.56
0,0,0,0,1,0,0,0,0,0,0,0,4.85
0,0,0,0,1,0,0,0,0,0,0,0,4.77
0,1,0,0,0,0,0,0,0,0,0,0,4.92
0,1,0,0,0,0,0,0,0,0,0,0,4.34
0,1,0,0,0,0,0,0,0,0,0,0,4.66
0,1,0,0,0,0,0,0,0,0,0,0,4.59
0,0,0,0,0,0,1,0,0,0,0,0,4.81
0,0,0,0,0,0,1,0,0,0,0,0,4.86
0,1,0,0,0,0,0,0,0,0,0,0,4.43
0,1,0,0,0,0,0,0,0,0,0,0,3.59
0,1,0,0,0,0,0,0,0,0,0,0,4.27
0,1,0,0,0,0,0,0,0,0,0,0,4.36
0,1,0,0,0,0,0,0,0,0,0,0,4.3
0,0,0,0,0,0,0,0,0,0,0,1,4.73
0,0,0,0,1,0,0,0,0,0,0,0,4.92
0,0,0,0,0,0,1,0,0,0,0,0,4.96
0,0,0,0,0,1,0,0,0,0,0,0,4.98
1,0,0,0,0,0,0,0,0,0,0,0,4.85
0,0,0,0,0,0,1,0,0,0,0,0,4.79
0,0,0,0,0,0,1,0,0,0,0,0,4.91
0,0,0,0,0,0,1,0,0,0,0,0,4.95
0,0,0,0,0,0,1,0,0,0,0,0,4.87
0,0,0,0,1,0,0,0,0,0,0,0,4.84
0,0,0,0,0,0,0,0,0,0,1,0,4.75
0,0,0,0,0,0,0,0,0,0,1,0,4.78
0,0,0,0,1,0,0,0,0,0,0,0,4.58
0,0,0,0,0,0,1,0,0,0,0,0,4.64
0,0,0,0,0,0,1,0,0,0,0,0,4.66
0,0,0,0,0,1,0,0,0,0,0,0,4.37
0,0,0,0,0,0,1,0,0,0,0,0,4.8
0,1,0,0,0,0,0,0,0,0,0,0,4.5
0,1,0,0,0,0,0,0,0,0,0,0,4.92
0,0,0,0,0,0,1,0,0,0,0,0,4.96
1,0,0,0,0,0,0,0,0,0,0,0,4.0
1,0,0,0,0,0,0,0,0,0,0,0,4.91
0,0,0,0,0,0,1,0,0,0,0,0,4.45
0,1,0,0,0,0,0,0,0,0,0,0,4.92
0,1,0,0,0,0,0,0,0,0,0,0,4.88
0,0,0,0,1,0,0,0,0,0,0,0,4.94
0,0,0,0,0,0,1,0,0,0,0,0,4.85
0,0,0,0,1,0,0,0,0,0,0,0,4.55
0,0,0,0,0,0,0,0,0,1,0,0,4.76
0,0,0,0,1,0,0,0,0,0,0,0,4.85
0,0,0,0,1,0,0,0,0,0,0,0,4.84
0,0,0,0,0,0,1,0,0,0,0,0,4.91
0,1,0,0,0,0,0,0,0,0,0,0,4.91
0,0,0,0,0,1,0,0,0,0,0,0,4.77
0,0,0,0,1,0,0,0,0,0,0,0,4.81
0,0,0,0,1,0,0,0,0,0,0,0,4.75
0,0,0,0,1,0,0,0,0,0,0,0,4.83
0,0,0,0,1,0,0,0,0,0,0,0,5.0
0,0,0,0,0,0,0,0,0,0,1,0,4.96
0,0,0,0,0,0,0,0,0,0,1,0,4.69
0,0,0,0,0,0,0,0,0,0,0,1,4.95
0,0,0,0,0,0,0,0,0,0,1,0,4.87
0,0,0,0,1,0,0,0,0,0,0,0,4.91
0,0,0,0,0,0,1,0,0,0,0,0,4.72
0,0,0,0,0,0,0,0,0,0,1,0,4.87
0,0,0,0,0,0,0,0,0,0,1,0,4.51
0,0,0,0,0,0,0,0,0,0,1,0,4.75
0,0,0,0,0,1,0,0,0,0,0,0,4.52
0,0,0,0,0,0,1,0,0,0,0,0,4.89
0,0,0,0,0,1,0,0,0,0,0,0,4.74
0,0,0,0,0,1,0,0,0,0,0,0,4.63
1,0,0,0,0,0,0,0,0,0,0,0,4.63
0,0,0,0,0,0,0,1,0,0,0,0,4.67
0,1,0,0,0,0,0,0,0,0,0,0,4.85
0,1,0,0,0,0,0,0,0,0,0,0,4.73
1,0,0,0,0,0,0,0,0,0,0,0,4.76
0,1,0,0,0,0,0,0,0,0,0,0,4.72
0,0,0,0,1,0,0,0,0,0,0,0,4.91
0,0,0,0,0,0,0,0,0,0,1,0,4.67
1,0,0,0,0,0,0,0,0,0,0,0,4.77
0,1,0,0,0,0,0,0,0,0,0,0,4.83
0,0,0,0,1,0,0,0,0,0,0,0,4.57
0,0,0,0,1,0,0,0,0,0,0,0,4.79
0,1,0,0,0,0,0,0,0,0,0,0,4.61
0,1,0,0,0,0,0,0,0,0,0,0,4.86
0,1,0,0,0,0,0,0,0,0,0,0,4.75
0,0,1,0,0,0,0,0,0,0,0,0,4.7
0,0,0,0,0,0,0,0,0,1,0,0,4.9
0,0,0,0,0,0,0,0,0,0,1,0,4.88
0,1,0,0,0,0,0,0,0,0,0,0,4.93
0,1,0,0,0,0,0,0,0,0,0,0,4.88
0,0,0,0,0,0,1,0,0,0,0,0,4.95
0,0,0,0,0,1,0,0,0,0,0,0,4.65
0,0,0,0,0,0,1,0,0,0,0,0,4.86
0,0,0,0,0,0,0,0,0,0,1,0,4.87
0,1,0,0,0,0,0,0,0,0,0,0,4.58
0,1,0,0,0,0,0,0,0,0,0,0,4.76
0,0,0,0,0,0,1,0,0,0,0,0,4.89
0,0,0,0,0,0,1,0,0,0,0,0,4.94
0,0,0,0,0,0,0,1,0,0,0,0,4.71
0,0,0,0,0,1,0,0,0,0,0,0,4.82
0,1,0,0,0,0,0,0,0,0,0,0,4.73
0,0,0,0,0,1,0,0,0,0,0,0,4.43
0,1,0,0,0,0,0,0,0,0,0,0,4.59
0,1,0,0,0,0,0,0,0,0,0,0,4.65
0,0,0,0,0,0,1,0,0,0,0,0,4.78
0,0,0,0,0,0,1,0,0,0,0,0,4.55
0,1,0,0,0,0,0,0,0,0,0,0,4.93
0,0,0,0,0,1,0,0,0,0,0,0,4.84
0,0,0,0,0,0,1,0,0,0,0,0,4.63
0,0,0,0,1,0,0,0,0,0,0,0,4.91
0,1,0,0,0,0,0,0,0,0,0,0,4.77
0,1,0,0,0,0,0,0,0,0,0,0,4.85
0,0,0,0,0,0,0,0,0,0,0,1,4.45
0,1,0,0,0,0,0,0,0,0,0,0,4.93
0,0,0,0,0,0,1,0,0,0,0,0,4.85
0,0,0,0,1,0,0,0,0,0,0,0,4.48
0,0,1,0,0,0,0,0,0,0,0,0,4.75
0,0,0,0,0,0,1,0,0,0,0,0,4.95
0,1,0,0,0,0,0,0,0,0,0,0,4.86
0,0,0,0,1,0,0,0,0,0,0,0,4.85
0,0,0,0,0,0,1,0,0,0,0,0,4.96
0,0,0,0,0,0,0,0,0,0,1,0,4.93
1,0,0,0,0,0,0,0,0,0,0,0,4.61
1,0,0,0,0,0,0,0,0,0,0,0,4.86
0,0,0,0,0,0,1,0,0,0,0,0,4.88
0,0,0,0,1,0,0,0,0,0,0,0,4.84
0,0,0,0,1,0,0,0,0,0,0,0,4.96
0,0,0,0,0,0,0,0,0,0,1,0,4.78
0,1,0,0,0,0,0,0,0,0,0,0,4.86
0,0,0,0,0,0,0,0,0,0,0,1,4.9
0,0,0,0,0,0,0,0,0,0,0,1,4.65
0,0,0,0,0,0,1,0,0,0,0,0,4.61
0,0,0,0,0,0,0,1,0,0,0,0,4.84
0,0,0,0,0,0,1,0,0,0,0,0,4.86
1,0,0,0,0,0,0,0,0,0,0,0,4.68
0,0,0,0,0,0,0,0,0,0,1,0,4.86
0,0,0,0,0,0,1,0,0,0,0,0,4.82
0,0,0,0,0,0,1,0,0,0,0,0,4.87
0,0,0,0,0,1,0,0,0,0,0,0,4.91
0,1,0,0,0,0,0,0,0,0,0,0,4.76
0,1,0,0,0,0,0,0,0,0,0,0,4.74
0,0,0,0,0,0,0,0,0,0,0,1,4.93
0,0,0,0,1,0,0,0,0,0,0,0,4.79
0,0,0,1,0,0,0,0,0,0,0,0,4.99
0,0,0,0,0,0,0,0,0,0,0,1,4.81
0,0,0,0,0,0,1,0,0,0,0,0,5.0
0,1,0,0,0,0,0,0,0,0,0,0,4.81
0,1,0,0,0,0,0,0,0,0,0,0,4.83
0,0,0,0,0,0,0,0,0,0,1,0,4.91
0,0,0,0,1,0,0,0,0,0,0,0,4.86
0,0,0,0,1,0,0,0,0,0,0,0,4.53
0,0,0,0,0,1,0,0,0,0,0,0,4.47
0,0,0,0,1,0,0,0,0,0,0,0,4.29
1,0,0,0,0,0,0,0,0,0,0,0,5.0
0,0,0,0,1,0,0,0,0,0,0,0,4.5
0,0,0,0,0,0,0,1,0,0,0,0,4.37
0,1,0,0,0,0,0,0,0,0,0,0,4.87
0,0,0,0,0,0,1,0,0,0,0,0,4.88
0,0,0,0,1,0,0,0,0,0,0,0,4.76
0,1,0,0,0,0,0,0,0,0,0,0,4.7
0,0,0,0,1,0,0,0,0,0,0,0,4.92
0,0,0,0,1,0,0,0,0,0,0,0,4.78
0,1,0,0,0,0,0,0,0,0,0,0,4.92
1,0,0,0,0,0,0,0,0,0,0,0,4.98
0,0,0,0,0,0,1,0,0,0,0,0,4.81
0,0,0,0,1,0,0,0,0,0,0,0,4.95
0,1,0,0,0,0,0,0,0,0,0,0,4.91
0,0,0,0,1,0,0,0,0,0,0,0,4.84
0,1,0,0,0,0,0,0,0,0,0,0,5.0
0,1,0,0,0,0,0,0,0,0,0,0,4.39
0,0,0,0,1,0,0,0,0,0,0,0,4.69
0,0,0,0,0,0,1,0,0,0,0,0,4.81
1,0,0,0,0,0,0,0,0,0,0,0,4.93
0,0,0,0,0,1,0,0,0,0,0,0,4.74
1,0,0,0,0,0,0,0,0,0,0,0,4.81
0,0,0,0,1,0,0,0,0,0,0,0,4.62
0,0,0,0,1,0,0,0,0,0,0,0,4.65
0,0,0,0,1,0,0,0,0,0,0,0,4.54
0,0,0,0,1,0,0,0,0,0,0,0,4.58
1,0,0,0,0,0,0,0,0,0,0,0,4.77
1,0,0,0,0,0,0,0,0,0,0,0,4.6
1,0,0,0,0,0,0,0,0,0,0,0,4.91
0,1,0,0,0,0,0,0,0,0,0,0,4.73
0,0,0,0,0,1,0,0,0,0,0,0,4.76
0,1,0,0,0,0,0,0,0,0,0,0,4.38
0,1,0,0,0,0,0,0,0,0,0,0,4.88
0,0,0,0,0,0,0,0,0,0,1,0,4.47
0,0,0,0,1,0,0,0,0,0,0,0,4.84
0,0,0,0,1,0,0,0,0,0,0,0,4.78
1,0,0,0,0,0,0,0,0,0,0,0,4.79
0,0,0,0,1,0,0,0,0,0,0,0,4.14
0,0,0,0,1,0,0,0,0,0,0,0,4.81
0,0,0,0,1,0,0,0,0,0,0,0,5.0
0,0,0,0,1,0,0,0,0,0,0,0,4.76
0,1,0,0,0,0,0,0,0,0,0,0,4.88
0,0,0,0,0,0,1,0,0,0,0,0,5.0
0,1,0,0,0,0,0,0,0,0,0,0,4.93
0,1,0,0,0,0,0,0,0,0,0,0,4.88
0,0,0,0,0,1,0,0,0,0,0,0,5.0
0,0,0,0,0,1,0,0,0,0,0,0,4.43
0,0,0,0,0,1,0,0,0,0,0,0,4.87
0,0,0,0,1,0,0,0,0,0,0,0,4.77
0,0,0,0,0,0,1,0,0,0,0,0,4.88
0,0,0,0,1,0,0,0,0,0,0,0,4.56
0,0,0,0,0,0,1,0,0,0,0,0,4.89
0,0,0,0,0,0,0,0,0,0,1,0,4.78
0,0,0,0,1,0,0,0,0,0,0,0,4.71
0,0,0,0,0,0,1,0,0,0,0,0,4.83
0,0,0,0,0,0,0,0,0,0,1,0,4.84
0,1,0,0,0,0,0,0,0,0,0,0,4.96
0,1,0,0,0,0,0,0,0,0,0,0,4.49
0,1,0,0,0,0,0,0,0,0,0,0,4.63
0,0,0,0,1,0,0,0,0,0,0,0,4.54
0,0,0,0,1,0,0,0,0,0,0,0,4.6
1,0,0,0,0,0,0,0,0,0,0,0,4.7
0,0,0,0,1,0,0,0,0,0,0,0,4.63
0,0,0,0,0,1,0,0,0,0,0,0,4.88
0,1,0,0,0,0,0,0,0,0,0,0,4.65
0,0,0,0,0,0,1,0,0,0,0,0,4.97
0,1,0,0,0,0,0,0,0,0,0,0,4.69
0,0,0,0,0,0,0,0,0,1,0,0,4.68
0,0,0,0,0,0,1,0,0,0,0,0,4.86
1,0,0,0,0,0,0,0,0,0,0,0,4.94
0,1,0,0,0,0,0,0,0,0,0,0,4.83
0,0,0,0,0,1,0,0,0,0,0,0,4.56
0,0,0,0,0,0,0,0,0,0,1,0,4.85
0,1,0,0,0,0,0,0,0,0,0,0,4.9
0,0,0,0,0,1,0,0,0,0,0,0,4.68
0,0,0,0,1,0,0,0,0,0,0,0,4.83
0,1,0,0,0,0,0,0,0,0,0,0,4.94
0,0,0,0,1,0,0,0,0,0,0,0,4.92
0,0,0,0,1,0,0,0,0,0,0,0,4.78
0,0,0,0,0,0,1,0,0,0,0,0,4.58
0,0,0,0,0,0,1,0,0,0,0,0,4.93
0,1,0,0,0,0,0,0,0,0,0,0,4.97
0,0,0,0,0,0,0,0,0,1,0,0,4.9
0,0,0,0,0,0,0,0,0,1,0,0,4.75
1,0,0,0,0,0,0,0,0,0,0,0,4.91
0,0,0,0,0,0,0,0,0,0,1,0,4.88
1,0,0,0,0,0,0,0,0,0,0,0,4.74
0,1,0,0,0,0,0,0,0,0,0,0,4.47
0,0,0,0,0,0,1,0,0,0,0,0,4.91
0,0,0,0,0,0,1,0,0,0,0,0,4.94
0,0,0,0,1,0,0,0,0,0,0,0,4.82
0,0,0,0,0,0,1,0,0,0,0,0,4.91
0,0,0,0,0,1,0,0,0,0,0,0,4.29
0,0,0,0,0,0,0,0,0,0,1,0,4.7
1,0,0,0,0,0,0,0,0,0,0,0,4.97
0,1,0,0,0,0,0,0,0,0,0,0,4.41
0,0,0,0,0,0,1,0,0,0,0,0,4.93
0,0,0,0,0,0,0,0,0,0,0,1,4.96
0,0,0,0,0,0,0,0,0,0,1,0,4.97
0,0,0,0,0,0,0,0,0,0,0,1,4.5
0,1,0,0,0,0,0,0,0,0,0,0,4.92
0,0,0,0,1,0,0,0,0,0,0,0,4.86
0,0,0,0,0,1,0,0,0,0,0,0,4.8
0,0,0,0,0,0,0,0,0,0,1,0,5.0
0,0,0,0,0,0,1,0,0,0,0,0,4.96
0,0,0,0,1,0,0,0,0,0,0,0,4.84
0,0,0,0,0,1,0,0,0,0,0,0,4.86
1,0,0,0,0,0,0,0,0,0,0,0,4.66
0,0,0,0,0,0,1,0,0,0,0,0,4.68
0,0,0,0,0,1,0,0,0,0,0,0,4.87
0,1,0,0,0,0,0,0,0,0,0,0,4.8
0,0,0,0,1,0,0,0,0,0,0,0,4.51
0,1,0,0,0,0,0,0,0,0,0,0,4.81
0,0,0,0,1,0,0,0,0,0,0,0,4.73
0,1,0,0,0,0,0,0,0,0,0,0,4.91
0,1,0,0,0,0,0,0,0,0,0,0,4.85
0,0,0,0,0,0,1,0,0,0,0,0,4.3
0,0,0,0,1,0,0,0,0,0,0,0,4.85
0,0,0,0,0,0,0,0,0,0,1,0,4.84
0,0,0,0,0,1,0,0,0,0,0,0,4.37
0,0,0,0,1,0,0,0,0,0,0,0,4.72
0,0,0,0,0,0,1,0,0,0,0,0,4.92
0,0,0,0,0,0,1,0,0,0,0,0,4.67
0,0,0,0,1,0,0,0,0,0,0,0,4.61
0,0,0,0,0,0,0,0,0,0,1,0,4.79
0,0,0,0,0,0,1,0,0,0,0,0,4.87
0,0,0,0,1,0,0,0,0,0,0,0,4.26
0,0,0,0,1,0,0,0,0,0,0,0,4.76
0,0,0,0,1,0,0,0,0,0,0,0,4.67
0,0,0,0,1,0,0,0,0,0,0,0,4.96
0,0,0,0,1,0,0,0,0,0,0,0,4.42
0,0,0,0,1,0,0,0,0,0,0,0,4.72
0,0,0,0,0,0,0,0,0,0,1,0,4.85
0,0,0,0,1,0,0,0,0,0,0,0,4.89
0,0,0,0,0,0,1,0,0,0,0,0,4.89
0,0,0,0,1,0,0,0,0,0,0,0,4.66
0,0,0,0,0,0,1,0,0,0,0,0,4.82
0,0,0,0,0,0,0,0,0,0,1,0,4.93
1,0,0,0,0,0,0,0,0,0,0,0,5.0
0,0,0,0,0,0,0,0,0,0,0,1,5.0
0,0,0,0,1,0,0,0,0,0,0,0,4.9
0,0,0,0,0,0,1,0,0,0,0,0,4.92
1,0,0,0,0,0,0,0,0,0,0,0,4.96
0,0,0,0,1,0,0,0,0,0,0,0,4.65
0,0,0,0,1,0,0,0,0,0,0,0,4.26
0,0,0,0,1,0,0,0,0,0,0,0,4.98
0,0,0,0,1,0,0,0,0,0,0,0,4.67
0,1,0,0,0,0,0,0,0,0,0,0,4.89
0,0,0,0,1,0,0,0,0,0,0,0,4.75
1,0,0,0,0,0,0,0,0,0,0,0,4.33
0,0,0,0,0,0,0,0,0,0,1,0,4.87
0,0,0,0,0,0,0,0,0,0,1,0,4.88
0,0,1,0,0,0,0,0,0,0,0,0,4.89
0,0,0,0,1,0,0,0,0,0,0,0,4.6
0,0,0,0,0,0,0,1,0,0,0,0,4.9
0,0,0,0,1,0,0,0,0,0,0,0,4.71
0,0,0,0,0,0,1,0,0,0,0,0,4.84
1,0,0,0,0,0,0,0,0,0,0,0,4.61
1,0,0,0,0,0,0,0,0,0,0,0,4.85
0,0,0,0,0,0,1,0,0,0,0,0,5.0
1,0,0,0,0,0,0,0,0,0,0,0,4.9
0,1,0,0,0,0,0,0,0,0,0,0,4.76
0,0,0,0,1,0,0,0,0,0,0,0,4.92
0,1,0,0,0,0,0,0,0,0,0,0,4.82
1,0,0,0,0,0,0,0,0,0,0,0,5.0
0,0,0,0,0,0,0,0,0,0,0,1,4.71
0,0,0,0,1,0,0,0,0,0,0,0,4.39
0,0,0,0,0,1,0,0,0,0,0,0,4.97
0,0,0,0,0,0,0,0,0,1,0,0,4.74
0,1,0,0,0,0,0,0,0,0,0,0,4.79
0,0,0,1,0,0,0,0,0,0,0,0,4.58
0,0,1,0,0,0,0,0,0,0,0,0,4.43
0,1,0,0,0,0,0,0,0,0,0,0,4.59
1,0,0,0,0,0,0,0,0,0,0,0,4.65
0,0,0,0,0,0,1,0,0,0,0,0,4.75
0,0,0,0,0,0,1,0,0,0,0,0,4.89
1,0,0,0,0,0,0,0,0,0,0,0,4.67
0,0,0,0,0,0,0,0,0,0,1,0,4.73
0,0,0,0,0,1,0,0,0,0,0,0,4.6
0,0,0,0,0,0,0,0,0,1,0,0,4.62
0,0,0,0,0,1,0,0,0,0,0,0,4.84
1,0,0,0,0,0,0,0,0,0,0,0,4.85
0,1,0,0,0,0,0,0,0,0,0,0,4.37
0,1,0,0,0,0,0,0,0,0,0,0,4.35
0,1,0,0,0,0,0,0,0,0,0,0,4.33
0,1,0,0,0,0,0,0,0,0,0,0,4.06
0,0,0,0,0,0,0,0,0,0,0,1,4.93
0,0,0,0,0,0,1,0,0,0,0,0,4.63
0,0,0,0,1,0,0,0,0,0,0,0,4.89
0,0,0,0,0,0,1,0,0,0,0,0,4.86
0,0,0,0,1,0,0,0,0,0,0,0,4.83
1,0,0,0,0,0,0,0,0,0,0,0,4.84
0,1,0,0,0,0,0,0,0,0,0,0,4.7
0,0,0,0,1,0,0,0,0,0,0,0,4.83
0,0,0,0,1,0,0,0,0,0,0,0,4.78
0,0,0,0,1,0,0,0,0,0,0,0,4.94
0,0,0,0,0,0,1,0,0,0,0,0,4.93
0,0,0,0,0,0,0,0,0,0,0,1,4.7
0,1,0,0,0,0,0,0,0,0,0,0,4.95
0,0,0,0,0,0,1,0,0,0,0,0,4.88
0,0,0,0,0,0,1,0,0,0,0,0,4.59
0,1,0,0,0,0,0,0,0,0,0,0,4.78
0,0,0,0,0,0,0,0,0,0,1,0,4.87
0,0,0,0,1,0,0,0,0,0,0,0,4.78
0,0,0,0,0,0,0,0,0,0,1,0,4.83
0,0,0,0,1,0,0,0,0,0,0,0,4.79
0,0,0,0,0,1,0,0,0,0,0,0,4.9
0,1,0,0,0,0,0,0,0,0,0,0,4.91
0,0,0,0,0,0,1,0,0,0,0,0,4.81
0,0,0,0,0,0,0,0,0,0,0,1,4.97
0,0,0,0,1,0,0,0,0,0,0,0,4.94
0,0,0,0,1,0,0,0,0,0,0,0,4.47
0,0,0,0,1,0,0,0,0,0,0,0,4.87
0,0,0,0,0,0,0,0,0,0,0,1,4.9
0,0,0,0,0,0,0,0,0,0,0,1,4.85
0,0,0,0,0,1,0,0,0,0,0,0,4.87
0,0,0,0,0,0,1,0,0,0,0,0,4.79
0,1,0,0,0,0,0,0,0,0,0,0,4.86
0,1,0,0,0,0,0,0,0,0,0,0,4.94
0,0,0,0,0,0,0,0,0,0,1,0,4.56
1,0,0,0,0,0,0,0,0,0,0,0,4.92
1,0,0,0,0,0,0,0,0,0,0,0,5.0
0,0,0,0,0,0,1,0,0,0,0,0,4.6
0,0,0,0,0,1,0,0,0,0,0,0,4.83
0,1,0,0,0,0,0,0,0,0,0,0,4.97
0,0,0,0,0,0,1,0,0,0,0,0,4.9
0,0,0,0,0,0,1,0,0,0,0,0,4.85
0,0,0,0,0,1,0,0,0,0,0,0,4.77
0,0,0,0,1,0,0,0,0,0,0,0,4.48
1,0,0,0,0,0,0,0,0,0,0,0,4.82
0,0,0,0,1,0,0,0,0,0,0,0,4.54
0,1,0,0,0,0,0,0,0,0,0,0,4.93
0,0,0,0,0,0,0,0,0,0,1,0,4.92
0,1,0,0,0,0,0,0,0,0,0,0,4.91
1,0,0,0,0,0,0,0,0,0,0,0,4.92
0,0,0,0,1,0,0,0,0,0,0,0,4.68
0,1,0,0,0,0,0,0,0,0,0,0,4.75
0,0,0,0,1,0,0,0,0,0,0,0,4.7
0,0,0,0,1,0,0,0,0,0,0,0,4.91
0,0,0,0,1,0,0,0,0,0,0,0,5.0
0,0,0,0,0,1,0,0,0,0,0,0,4.91
0,1,0,0,0,0,0,0,0,0,0,0,4.85
0,0,0,0,0,0,0,0,0,0,1,0,4.87
1,0,0,0,0,0,0,0,0,0,0,0,4.83
1,0,0,0,0,0,0,0,0,0,0,0,4.9
0,1,0,0,0,0,0,0,0,0,0,0,4.97
0,0,0,0,1,0,0,0,0,0,0,0,4.76
0,0,0,1,0,0,0,0,0,0,0,0,4.91
1,0,0,0,0,0,0,0,0,0,0,0,4.61
0,0,0,0,1,0,0,0,0,0,0,0,4.94
0,0,0,0,0,0,0,0,0,0,0,1,4.52
0,0,0,0,1,0,0,0,0,0,0,0,4.63
0,0,0,0,0,0,1,0,0,0,0,0,4.86
0,1,0,0,0,0,0,0,0,0,0,0,4.89
0,0,0,0,0,1,0,0,0,0,0,0,4.87
0,0,0,0,0,0,0,0,0,0,1,0,4.92
0,0,0,0,1,0,0,0,0,0,0,0,4.62
0,0,0,0,1,0,0,0,0,0,0,0,4.99
0,1,0,0,0,0,0,0,0,0,0,0,4.73
0,0,0,0,0,0,1,0,0,0,0,0,4.59
0,0,0,0,0,0,1,0,0,0,0,0,4.79
0,0,0,0,0,1,0,0,0,0,0,0,4.53
0,0,0,0,1,0,0,0,0,0,0,0,4.76
0,1,0,0,0,0,0,0,0,0,0,0,4.79
0,0,0,0,1,0,0,0,0,0,0,0,4.82
0,1,0,0,0,0,0,0,0,0,0,0,4.9
0,0,0,0,0,0,1,0,0,0,0,0,4.56
0,0,0,0,1,0,0,0,0,0,0,0,4.9
1,0,0,0,0,0,0,0,0,0,0,0,4.92
0,0,0,0,1,0,0,0,0,0,0,0,4.51
0,0,0,0,0,0,1,0,0,0,0,0,4.84
1,0,0,0,0,0,0,0,0,0,0,0,4.79
0,0,0,0,1,0,0,0,0,0,0,0,4.67
0,1,0,0,0,0,0,0,0,0,0,0,4.94
0,0,0,0,0,0,0,0,0,1,0,0,5.0
0,1,0,0,0,0,0,0,0,0,0,0,4.89
0,0,0,0,0,0,1,0,0,0,0,0,4.9
0,0,0,0,0,0,1,0,0,0,0,0,4.82
0,0,0,0,0,0,0,0,0,0,0,1,4.92
0,0,0,0,0,0,1,0,0,0,0,0,4.89
0,1,0,0,0,0,0,0,0,0,0,0,4.84
0,0,0,0,1,0,0,0,0,0,0,0,4.58
0,0,0,0,0,1,0,0,0,0,0,0,5.0
0,0,0,0,1,0,0,0,0,0,0,0,4.75
0,0,0,0,0,1,0,0,0,0,0,0,4.21
1,0,0,0,0,0,0,0,0,0,0,0,4.74
0,0,0,0,0,1,0,0,0,0,0,0,5.0
0,0,0,0,0,0,0,0,0,1,0,0,4.6
0,0,0,0,1,0,0,0,0,0,0,0,4.83
0,0,0,0,1,0,0,0,0,0,0,0,4.67
0,1,0,0,0,0,0,0,0,0,0,0,4.79
0,0,0,0,1,0,0,0,0,0,0,0,4.74
0,0,0,0,1,0,0,0,0,0,0,0,4.83
0,1,0,0,0,0,0,0,0,0,0,0,4.7
0,0,0,0,1,0,0,0,0,0,0,0,4.8
0,0,0,0,1,0,0,0,0,0,0,0,4.93
0,0,0,0,0,1,0,0,0,0,0,0,4.91
0,1,0,0,0,0,0,0,0,0,0,0,4.65
0,1,0,0,0,0,0,0,0,0,0,0,4.92
0,0,0,0,0,0,1,0,0,0,0,0,4.76
0,0,0,0,0,0,1,0,0,0,0,0,5.0
0,0,0,0,1,0,0,0,0,0,0,0,4.9
0,0,0,0,0,1,0,0,0,0,0,0,4.88
0,0,0,0,0,0,0,0,0,0,0,1,4.94
0,1,0,0,0,0,0,0,0,0,0,0,4.92
0,0,0,0,1,0,0,0,0,0,0,0,4.65
0,0,0,0,0,0,0,0,0,0,0,1,4.74
0,0,0,0,0,1,0,0,0,0,0,0,4.96
0,0,0,0,0,0,1,0,0,0,0,0,5.0
0,0,0,0,0,0,0,0,0,0,0,1,4.91
1,0,0,0,0,0,0,0,0,0,0,0,4.85
1,0,0,0,0,0,0,0,0,0,0,0,4.8
1,0,0,0,0,0,0,0,0,0,0,0,4.67
0,0,0,0,1,0,0,0,0,0,0,0,4.96
1,0,0,0,0,0,0,0,0,0,0,0,4.8
0,0,0,0,0,0,0,0,0,0,1,0,4.92
0,0,0,0,0,0,0,0,0,1,0,0,4.96
0,0,0,0,0,0,0,0,0,0,1,0,5.0
1,0,0,0,0,0,0,0,0,0,0,0,4.92
0,1,0,0,0,0,0,0,0,0,0,0,4.73
0,0,0,0,1,0,0,0,0,0,0,0,4.79
0,0,0,0,0,0,1,0,0,0,0,0,4.91
0,1,0,0,0,0,0,0,0,0,0,0,4.9
0,0,0,0,0,0,0,0,0,0,1,0,4.83
0,0,0,0,1,0,0,0,0,0,0,0,4.93
1,0,0,0,0,0,0,0,0,0,0,0,4.97
0,0,0,0,0,0,0,1,0,0,0,0,5.0
0,0,0,0,1,0,0,0,0,0,0,0,4.7
0,1,0,0,0,0,0,0,0,0,0,0,4.94
0,0,0,0,0,1,0,0,0,0,0,0,4.67
1,0,0,0,0,0,0,0,0,0,0,0,4.7
0,1,0,0,0,0,0,0,0,0,0,0,4.83
0,0,0,0,0,1,0,0,0,0,0,0,4.85
0,0,0,0,1,0,0,0,0,0,0,0,4.07
0,0,0,0,0,0,0,0,0,0,0,1,4.87
0,0,0,0,1,0,0,0,0,0,0,0,4.78
1,0,0,0,0,0,0,0,0,0,0,0,4.88
1,0,0,0,0,0,0,0,0,0,0,0,4.95
1,0,0,0,0,0,0,0,0,0,0,0,4.5
1,0,0,0,0,0,0,0,0,0,0,0,4.91
1,0,0,0,0,0,0,0,0,0,0,0,4.7
1,0,0,0,0,0,0,0,0,0,0,0,4.15
0,1,0,0,0,0,0,0,0,0,0,0,4.71
0,0,0,0,1,0,0,0,0,0,0,0,4.47
0,1,0,0,0,0,0,0,0,0,0,0,4.64
0,0,0,0,1,0,0,0,0,0,0,0,4.55
1,0,0,0,0,0,0,0,0,0,0,0,4.57
0,1,0,0,0,0,0,0,0,0,0,0,4.49
0,0,0,0,0,1,0,0,0,0,0,0,4.73
0,0,0,0,1,0,0,0,0,0,0,0,4.55
0,0,0,0,1,0,0,0,0,0,0,0,4.58
0,0,0,0,1,0,0,0,0,0,0,0,4.93
0,0,0,0,0,0,1,0,0,0,0,0,4.71
0,1,0,0,0,0,0,0,0,0,0,0,4.7
0,0,0,0,1,0,0,0,0,0,0,0,4.85
0,0,0,0,1,0,0,0,0,0,0,0,4.68
0,0,0,0,0,0,1,0,0,0,0,0,4.76
0,0,0,0,1,0,0,0,0,0,0,0,4.64
0,0,0,0,0,0,0,0,0,0,0,1,4.13
0,0,0,0,0,0,1,0,0,0,0,0,4.93
0,0,0,0,0,1,0,0,0,0,0,0,4.7
0,0,0,0,0,0,1,0,0,0,0,0,4.97
0,0,0,0,0,0,1,0,0,0,0,0,4.84
0,0,0,0,0,0,1,0,0,0,0,0,4.14
0,0,0,0,1,0,0,0,0,0,0,0,4.55
0,0,0,0,0,0,0,0,0,0,1,0,5.0
0,1,0,0,0,0,0,0,0,0,0,0,4.38
0,1,0,0,0,0,0,0,0,0,0,0,4.86
0,0,0,0,1,0,0,0,0,0,0,0,4.88
0,0,0,0,1,0,0,0,0,0,0,0,4.87
0,0,0,0,0,0,0,0,0,0,1,0,4.5
0,1,0,0,0,0,0,0,0,0,0,0,4.77
0,0,0,0,0,1,0,0,0,0,0,0,4.91
0,0,0,0,0,1,0,0,0,0,0,0,4.39
1,0,0,0,0,0,0,0,0,0,0,0,5.0
0,0,0,0,1,0,0,0,0,0,0,0,4.67
0,1,0,0,0,0,0,0,0,0,0,0,4.56
0,0,1,0,0,0,0,0,0,0,0,0,4.6
0,1,0,0,0,0,0,0,0,0,0,0,4.59
0,0,0,0,0,0,1,0,0,0,0,0,4.62
0,0,0,0,0,0,0,0,0,1,0,0,4.87
0,0,0,0,0,1,0,0,0,0,0,0,4.7
0,0,0,0,0,0,0,0,1,0,0,0,4.69
0,0,0,0,0,0,1,0,0,0,0,0,5.0
0,0,0,0,0,0,0,0,0,1,0,0,4.85
0,0,0,0,0,0,1,0,0,0,0,0,4.74
0,0,0,0,1,0,0,0,0,0,0,0,4.38
0,0,0,0,1,0,0,0,0,0,0,0,4.56
0,0,0,0,0,0,1,0,0,0,0,0,4.76
0,0,0,0,1,0,0,0,0,0,0,0,4.98
1,0,0,0,0,0,0,0,0,0,0,0,4.87
0,0,0,0,0,1,0,0,0,0,0,0,4.77
0,0,0,1,0,0,0,0,0,0,0,0,4.81
0,0,0,0,1,0,0,0,0,0,0,0,4.81
0,1,0,0,0,0,0,0,0,0,0,0,4.87
0,0,0,0,0,0,0,0,0,0,1,0,4.86
0,0,0,0,1,0,0,0,0,0,0,0,4.75
0,0,0,0,1,0,0,0,0,0,0,0,4.82
0,0,0,1,0,0,0,0,0,0,0,0,4.97
0,0,0,0,1,0,0,0,0,0,0,0,4.86
0,0,0,0,0,1,0,0,0,0,0,0,4.96
1,0,0,0,0,0,0,0,0,0,0,0,5.0
0,0,0,0,0,0,1,0,0,0,0,0,4.9
0,0,0,0,0,0,0,0,0,0,1,0,4.61
0,0,0,0,0,0,1,0,0,0,0,0,5.0
0,0,0,0,0,0,0,0,0,0,1,0,4.86
0,0,0,0,1,0,0,0,0,0,0,0,4.89
0,0,0,0,0,0,1,0,0,0,0,0,4.81
0,1,0,0,0,0,0,0,0,0,0,0,4.79
0,0,0,0,1,0,0,0,0,0,0,0,4.44
0,0,0,0,0,0,0,0,0,0,1,0,4.75
0,0,0,0,1,0,0,0,0,0,0,0,4.87
0,0,0,0,0,0,1,0,0,0,0,0,4.5
0,1,0,0,0,0,0,0,0,0,0,0,4.75
0,0,0,0,0,1,0,0,0,0,0,0,4.68
0,1,0,0,0,0,0,0,0,0,0,0,4.61
1,0,0,0,0,0,0,0,0,0,0,0,4.36
0,1,0,0,0,0,0,0,0,0,0,0,4.83
0,0,0,0,0,0,0,0,0,0,1,0,4.95
1,0,0,0,0,0,0,0,0,0,0,0,4.63
1,0,0,0,0,0,0,0,0,0,0,0,4.51
0,0,0,0,1,0,0,0,0,0,0,0,4.95
0,1,0,0,0,0,0,0,0,0,0,0,4.61
1,0,0,0,0,0,0,0,0,0,0,0,4.63
1,0,0,0,0,0,0,0,0,0,0,0,4.64
0,1,0,0,0,0,0,0,0,0,0,0,4.45
0,0,0,0,0,1,0,0,0,0,0,0,4.92
0,0,0,0,0,0,0,0,0,0,1,0,4.48
0,1,0,0,0,0,0,0,0,0,0,0,4.92
1,0,0,0,0,0,0,0,0,0,0,0,4.45
1,0,0,0,0,0,0,0,0,0,0,0,4.61
1,0,0,0,0,0,0,0,0,0,0,0,4.37
0,0,0,0,0,1,0,0,0,0,0,0,4.78
0,0,0,0,0,0,1,0,0,0,0,0,4.48
0,0,0,0,1,0,0,0,0,0,0,0,4.79
0,0,0,0,1,0,0,0,0,0,0,0,4.59
0,0,0,0,0,0,0,0,0,0,0,1,4.94
0,1,0,0,0,0,0,0,0,0,0,0,4.76
0,0,0,0,1,0,0,0,0,0,0,0,4.59
1,0,0,0,0,0,0,0,0,0,0,0,4.94
0,0,0,0,1,0,0,0,0,0,0,0,5.0
0,1,0,0,0,0,0,0,0,0,0,0,4.57
0,0,1,0,0,0,0,0,0,0,0,0,4.84
0,0,1,0,0,0,0,0,0,0,0,0,4.71
0,0,0,0,0,0,0,1,0,0,0,0,4.94
1,0,0,0,0,0,0,0,0,0,0,0,4.97
0,0,0,0,1,0,0,0,0,0,0,0,4.78
0,0,0,0,0,0,0,0,0,1,0,0,5.0
1,0,0,0,0,0,0,0,0,0,0,0,4.94
0,0,0,0,0,0,1,0,0,0,0,0,4.71
0,1,0,0,0,0,0,0,0,0,0,0,4.84
0,1,0,0,0,0,0,0,0,0,0,0,4.87
0,0,0,0,1,0,0,0,0,0,0,0,4.82
0,0,0,0,0,1,0,0,0,0,0,0,4.98
0,0,0,0,0,1,0,0,0,0,0,0,4.92
0,0,0,0,0,0,1,0,0,0,0,0,4.94
0,0,0,0,0,0,0,0,0,1,0,0,4.86
0,1,0,0,0,0,0,0,0,0,0,0,4.93
0,0,0,0,0,0,0,0,0,0,0,1,4.94
0,0,0,0,0,1,0,0,0,0,0,0,4.9
1,0,0,0,0,0,0,0,0,0,0,0,4.53
0,0,0,0,1,0,0,0,0,0,0,0,4.91
0,1,0,0,0,0,0,0,0,0,0,0,4.85
0,0,0,0,0,0,1,0,0,0,0,0,4.88
0,0,0,1,0,0,0,0,0,0,0,0,4.77
0,0,0,0,0,0,1,0,0,0,0,0,4.97
0,0,0,0,0,0,1,0,0,0,0,0,4.95
0,0,0,0,1,0,0,0,0,0,0,0,4.63
0,0,0,0,1,0,0,0,0,0,0,0,4.95
0,0,0,0,0,0,1,0,0,0,0,0,4.94
0,0,0,0,0,0,1,0,0,0,0,0,4.76
0,0,0,0,0,1,0,0,0,0,0,0,4.9
0,0,0,0,0,0,0,0,0,0,1,0,4.87
0,0,0,0,0,0,0,0,0,0,0,1,4.96
0,0,0,0,0,0,1,0,0,0,0,0,4.47
0,1,0,0,0,0,0,0,0,0,0,0,5.0
0,0,0,0,0,0,1,0,0,0,0,0,4.65
0,0,0,0,0,0,1,0,0,0,0,0,4.76
1,0,0,0,0,0,0,0,0,0,0,0,4.65
0,0,0,0,0,0,0,1,0,0,0,0,4.91
0,1,0,0,0,0,0,0,0,0,0,0,4.83
0,1,0,0,0,0,0,0,0,0,0,0,4.88
0,0,0,0,0,0,0,0,0,0,1,0,4.75
0,0,0,0,0,0,1,0,0,0,0,0,4.85
0,0,0,0,1,0,0,0,0,0,0,0,4.79
0,0,0,0,0,0,1,0,0,0,0,0,4.72
0,0,0,0,0,0,1,0,0,0,0,0,4.76
0,0,0,0,0,0,1,0,0,0,0,0,4.85
0,0,0,0,1,0,0,0,0,0,0,0,4.7
0,0,0,0,1,0,0,0,0,0,0,0,4.47
0,0,0,0,0,0,1,0,0,0,0,0,4.91
0,1,0,0,0,0,0,0,0,0,0,0,4.7
0,0,0,0,0,0,1,0,0,0,0,0,4.99
0,0,0,0,0,0,1,0,0,0,0,0,4.67
0,0,0,0,0,1,0,0,0,0,0,0,4.86
0,0,0,0,0,0,0,0,0,0,0,1,4.58
0,0,0,0,1,0,0,0,0,0,0,0,4.62
0,1,0,0,0,0,0,0,0,0,0,0,4.61
0,0,0,0,0,0,0,0,0,0,0,1,4.65
0,1,0,0,0,0,0,0,0,0,0,0,4.67
1,0,0,0,0,0,0,0,0,0,0,0,4.52
0,0,0,0,1,0,0,0,0,0,0,0,4.88
0,0,0,0,1,0,0,0,0,0,0,0,4.1
0,0,0,0,0,0,1,0,0,0,0,0,4.87
0,0,0,0,1,0,0,0,0,0,0,0,4.93
0,1,0,0,0,0,0,0,0,0,0,0,4.84
0,0,0,0,1,0,0,0,0,0,0,0,4.87
0,0,0,0,0,0,0,0,0,0,1,0,4.93
0,1,0,0,0,0,0,0,0,0,0,0,4.58
0,1,0,0,0,0,0,0,0,0,0,0,4.92
1,0,0,0,0,0,0,0,0,0,0,0,4.67
0,0,0,0,0,1,0,0,0,0,0,0,4.89
0,1,0,0,0,0,0,0,0,0,0,0,5.0
0,0,0,0,1,0,0,0,0,0,0,0,4.63
0,1,0,0,0,0,0,0,0,0,0,0,4.9
0,1,0,0,0,0,0,0,0,0,0,0,4.9
0,0,0,0,1,0,0,0,0,0,0,0,4.47
0,1,0,0,0,0,0,0,0,0,0,0,4.97
0,0,0,0,0,0,0,0,0,0,0,1,4.49
0,1,0,0,0,0,0,0,0,0,0,0,4.86
0,0,0,0,1,0,0,0,0,0,0,0,4.82
0,0,0,0,1,0,0,0,0,0,0,0,4.95
0,0,0,0,0,0,1,0,0,0,0,0,4.9
0,0,0,0,0,0,1,0,0,0,0,0,4.75
0,1,0,0,0,0,0,0,0,0,0,0,4.86
0,1,0,0,0,0,0,0,0,0,0,0,4.88
0,0,0,0,0,1,0,0,0,0,0,0,4.74
0,1,0,0,0,0,0,0,0,0,0,0,4.92
0,0,0,0,1,0,0,0,0,0,0,0,4.93
0,0,0,1,0,0,0,0,0,0,0,0,4.77
0,0,0,0,0,0,0,0,0,0,1,0,4.82
0,1,0,0,0,0,0,0,0,0,0,0,4.71
0,0,0,0,1,0,0,0,0,0,0,0,4.71
0,0,0,0,0,0,0,0,0,1,0,0,4.67
0,0,0,0,0,0,1,0,0,0,0,0,5.0
0,0,0,0,0,0,0,0,0,0,1,0,4.83
0,0,0,0,1,0,0,0,0,0,0,0,4.42
0,0,0,0,0,1,0,0,0,0,0,0,4.9
0,0,0,0,1,0,0,0,0,0,0,0,4.81
1,0,0,0,0,0,0,0,0,0,0,0,4.81
0,0,0,0,1,0,0,0,0,0,0,0,5.0
0,0,0,0,1,0,0,0,0,0,0,0,4.57
1,0,0,0,0,0,0,0,0,0,0,0,4.67
0,0,0,0,0,1,0,0,0,0,0,0,4.95
0,0,0,0,0,1,0,0,0,0,0,0,4.85
0,0,0,0,0,0,0,0,1,0,0,0,4.94
0,0,0,0,0,0,0,0,0,0,1,0,4.83
0,0,0,1,0,0,0,0,0,0,0,0,4.8
0,1,0,0,0,0,0,0,0,0,0,0,4.8
0,0,0,0,0,0,1,0,0,0,0,0,4.89
0,0,0,0,1,0,0,0,0,0,0,0,4.91
0,0,0,0,0,0,1,0,0,0,0,0,4.0
0,1,0,0,0,0,0,0,0,0,0,0,4.52
1,0,0,0,0,0,0,0,0,0,0,0,4.8
0,1,0,0,0,0,0,0,0,0,0,0,4.95
0,0,0,0,0,0,0,0,0,0,0,1,4.6
0,0,1,0,0,0,0,0,0,0,0,0,4.89
1,0,0,0,0,0,0,0,0,0,0,0,4.54
0,0,0,0,1,0,0,0,0,0,0,0,4.44
0,0,0,0,0,0,1,0,0,0,0,0,4.68
0,0,0,0,1,0,0,0,0,0,0,0,4.61
0,0,0,0,0,0,1,0,0,0,0,0,4.66
0,1,0,0,0,0,0,0,0,0,0,0,4.9
0,0,0,0,0,1,0,0,0,0,0,0,4.69
0,0,0,0,0,0,1,0,0,0,0,0,4.8
0,0,0,0,1,0,0,0,0,0,0,0,4.58
0,0,0,0,0,0,0,0,0,0,1,0,5.0
1,0,0,0,0,0,0,0,0,0,0,0,4.78
0,0,0,0,0,0,0,1,0,0,0,0,4.96
0,0,0,0,1,0,0,0,0,0,0,0,4.79
0,1,0,0,0,0,0,0,0,0,0,0,4.59
1,0,0,0,0,0,0,0,0,0,0,0,4.64
1,0,0,0,0,0,0,0,0,0,0,0,4.67
0,0,0,0,1,0,0,0,0,0,0,0,4.72
0,0,0,0,1,0,0,0,0,0,0,0,4.7
0,0,0,0,0,0,0,0,0,0,1,0,4.4
0,0,0,0,1,0,0,0,0,0,0,0,5.0
1,0,0,0,0,0,0,0,0,0,0,0,4.45
0,1,0,0,0,0,0,0,0,0,0,0,4.81
0,0,0,0,1,0,0,0,0,0,0,0,4.8
0,0,0,0,0,0,0,0,0,0,1,0,4.63
0,0,0,0,0,0,0,0,0,0,1,0,4.71
0,0,0,0,0,0,0,0,0,0,1,0,5.0
0,0,0,0,0,0,0,0,0,0,1,0,4.85
1,0,0,0,0,0,0,0,0,0,0,0,4.83
0,0,0,0,0,0,1,0,0,0,0,0,4.7
0,0,0,0,0,0,0,0,0,0,1,0,4.78
0,0,0,0,1,0,0,0,0,0,0,0,4.85
0,0,0,0,0,0,1,0,0,0,0,0,4.86
1,0,0,0,0,0,0,0,0,0,0,0,4.73
0,0,0,0,0,0,1,0,0,0,0,0,4.87
1,0,0,0,0,0,0,0,0,0,0,0,4.62
0,0,0,0,1,0,0,0,0,0,0,0,4.77
0,0,0,0,0,0,1,0,0,0,0,0,4.74
0,1,0,0,0,0,0,0,0,0,0,0,4.82
0,0,0,0,1,0,0,0,0,0,0,0,4.66
0,0,1,0,0,0,0,0,0,0,0,0,4.85
0,0,0,0,0,0,1,0,0,0,0,0,4.97
0,0,0,0,0,0,0,0,0,0,0,1,4.33
0,0,1,0,0,0,0,0,0,0,0,0,4.87
0,1,0,0,0,0,0,0,0,0,0,0,4.52
0,1,0,0,0,0,0,0,0,0,0,0,4.92
0,1,0,0,0,0,0,0,0,0,0,0,4.95
0,0,0,0,0,1,0,0,0,0,0,0,4.89
0,0,0,0,0,1,0,0,0,0,0,0,4.94
0,0,0,0,0,1,0,0,0,0,0,0,4.92
0,0,0,0,0,1,0,0,0,0,0,0,4.77
0,0,0,0,0,0,0,0,1,0,0,0,4.77
0,0,0,0,0,1,0,0,0,0,0,0,4.7
0,0,0,0,0,1,0,0,0,0,0,0,4.56
1,0,0,0,0,0,0,0,0,0,0,0,4.67
1,0,0,0,0,0,0,0,0,0,0,0,4.75
0,0,0,0,0,0,1,0,0,0,0,0,4.69
0,0,0,0,0,0,1,0,0,0,0,0,4.76
0,0,0,0,1,0,0,0,0,0,0,0,4.72
0,0,0,0,0,0,1,0,0,0,0,0,4.85
0,0,0,0,1,0,0,0,0,0,0,0,4.81
1,0,0,0,0,0,0,0,0,0,0,0,4.38
1,0,0,0,0,0,0,0,0,0,0,0,4.67
0,0,0,0,1,0,0,0,0,0,0,0,4.63
0,0,0,0,1,0,0,0,0,0,0,0,4.69
0,0,0,0,1,0,0,0,0,0,0,0,4.63
0,0,0,0,0,1,0,0,0,0,0,0,4.85
0,1,0,0,0,0,0,0,0,0,0,0,4.86
0,0,0,1,0,0,0,0,0,0,0,0,4.88
0,1,0,0,0,0,0,0,0,0,0,0,4.94
0,0,0,0,0,0,0,1,0,0,0,0,4.9
0,0,0,0,0,0,0,0,0,0,0,1,4.4
0,0,0,0,1,0,0,0,0,0,0,0,5.0
0,0,0,0,0,0,1,0,0,0,0,0,4.64
1,0,0,0,0,0,0,0,0,0,0,0,4.97
0,0,0,1,0,0,0,0,0,0,0,0,4.96
0,0,0,0,1,0,0,0,0,0,0,0,4.92
1,0,0,0,0,0,0,0,0,0,0,0,4.81
0,0,0,0,1,0,0,0,0,0,0,0,4.84
0,0,0,0,0,0,0,0,0,0,0,1,4.63
0,0,0,0,1,0,0,0,0,0,0,0,4.76
0,1,0,0,0,0,0,0,0,0,0,0,4.35
0,0,0,0,1,0,0,0,0,0,0,0,4.78
0,0,0,0,0,1,0,0,0,0,0,0,4.82
0,0,0,0,1,0,0,0,0,0,0,0,4.93
0,1,0,0,0,0,0,0,0,0,0,0,5.0
0,0,0,0,0,0,1,0,0,0,0,0,4.7
0,0,0,0,0,1,0,0,0,0,0,0,4.69
0,1,0,0,0,0,0,0,0,0,0,0,4.98
0,1,0,0,0,0,0,0,0,0,0,0,4.57
0,1,0,0,0,0,0,0,0,0,0,0,4.88
0,0,0,0,0,1,0,0,0,0,0,0,4.76
0,0,0,0,1,0,0,0,0,0,0,0,4.7
0,0,0,0,1,0,0,0,0,0,0,0,4.65
0,0,0,0,1,0,0,0,0,0,0,0,4.98
0,0,0,0,0,0,1,0,0,0,0,0,4.42
0,0,0,0,0,0,0,0,0,0,0,1,4.73
0,0,0,0,0,1,0,0,0,0,0,0,4.78
0,0,0,0,0,0,0,1,0,0,0,0,5.0
0,0,0,0,0,0,0,0,0,0,0,1,4.7
0,0,0,0,0,0,1,0,0,0,0,0,4.92
0,0,0,0,0,0,0,0,0,0,0,1,4.92
0,1,0,0,0,0,0,0,0,0,0,0,4.86
0,0,0,0,0,0,0,0,0,0,0,1,4.8
0,0,0,0,0,0,0,0,0,0,0,1,4.81
0,0,0,0,1,0,0,0,0,0,0,0,4.81
0,0,0,0,0,0,0,0,0,0,1,0,4.58
1,0,0,0,0,0,0,0,0,0,0,0,4.29
1,0,0,0,0,0,0,0,0,0,0,0,4.94
1,0,0,0,0,0,0,0,0,0,0,0,4.9
0,0,0,0,1,0,0,0,0,0,0,0,4.86
0,0,0,0,1,0,0,0,0,0,0,0,4.9
0,0,0,0,0,0,1,0,0,0,0,0,4.95
1,0,0,0,0,0,0,0,0,0,0,0,4.84
0,1,0,0,0,0,0,0,0,0,0,0,4.95
0,0,0,0,0,0,0,0,0,0,0,1,4.3
0,0,1,0,0,0,0,0,0,0,0,0,5.0
0,0,0,0,0,0,1,0,0,0,0,0,5.0
0,0,0,0,0,0,1,0,0,0,0,0,4.94
0,0,0,0,0,1,0,0,0,0,0,0,4.9
0,0,0,0,1,0,0,0,0,0,0,0,4.71
0,0,0,0,0,0,0,0,0,0,0,1,4.79
0,1,0,0,0,0,0,0,0,0,0,0,4.96
0,0,0,0,0,1,0,0,0,0,0,0,4.07
0,1,0,0,0,0,0,0,0,0,0,0,4.63
0,1,0,0,0,0,0,0,0,0,0,0,4.61
0,0,0,0,0,0,0,0,0,0,1,0,4.89
0,0,0,0,0,0,1,0,0,0,0,0,4.64
0,0,0,0,0,1,0,0,0,0,0,0,4.88
0,0,0,0,0,0,1,0,0,0,0,0,4.89
0,1,0,0,0,0,0,0,0,0,0,0,4.95
0,0,0,0,1,0,0,0,0,0,0,0,4.89
0,0,0,0,1,0,0,0,0,0,0,0,4.89
0,0,0,0,1,0,0,0,0,0,0,0,4.49
0,0,0,0,1,0,0,0,0,0,0,0,4.55
0,1,0,0,0,0,0,0,0,0,0,0,4.86
0,0,0,0,1,0,0,0,0,0,0,0,4.74
0,1,0,0,0,0,0,0,0,0,0,0,4.71
0,0,0,0,0,0,1,0,0,0,0,0,4.96
0,0,1,0,0,0,0,0,0,0,0,0,4.97
0,0,0,0,0,1,0,0,0,0,0,0,4.83
0,0,0,0,1,0,0,0,0,0,0,0,4.9
0,0,0,0,0,1,0,0,0,0,0,0,4.4
1,0,0,0,0,0,0,0,0,0,0,0,4.38
0,0,0,0,1,0,0,0,0,0,0,0,4.88
0,0,0,0,1,0,0,0,0,0,0,0,4.81
0,0,0,0,1,0,0,0,0,0,0,0,4.87
0,0,0,0,0,0,0,0,0,0,1,0,4.83
0,1,0,0,0,0,0,0,0,0,0,0,4.6
0,0,0,0,1,0,0,0,0,0,0,0,4.79
0,1,0,0,0,0,0,0,0,0,0,0,4.23
1,0,0,0,0,0,0,0,0,0,0,0,4.98
0,1,0,0,0,0,0,0,0,0,0,0,4.88
0,0,0,1,0,0,0,0,0,0,0,0,4.5
0,1,0,0,0,0,0,0,0,0,0,0,4.91
0,0,0,0,0,0,1,0,0,0,0,0,4.84
0,0,0,0,1,0,0,0,0,0,0,0,4.97
0,0,0,0,0,1,0,0,0,0,0,0,5.0
1,0,0,0,0,0,0,0,0,0,0,0,5.0
0,0,0,0,1,0,0,0,0,0,0,0,4.97
0,0,0,0,1,0,0,0,0,0,0,0,4.91
0,0,0,0,0,0,1,0,0,0,0,0,4.97
0,0,0,0,1,0,0,0,0,0,0,0,4.68
0,0,0,0,0,0,0,0,0,0,0,1,4.91
0,0,0,0,0,0,0,0,0,0,1,0,4.43
0,1,0,0,0,0,0,0,0,0,0,0,4.93
0,0,0,0,0,0,0,0,0,1,0,0,4.97
1,0,0,0,0,0,0,0,0,0,0,0,4.83
0,0,0,0,0,1,0,0,0,0,0,0,4.98
0,0,0,0,1,0,0,0,0,0,0,0,4.96
0,0,0,0,1,0,0,0,0,0,0,0,4.92
0,1,0,0,0,0,0,0,0,0,0,0,4.7
0,0,0,0,0,1,0,0,0,0,0,0,4.91
0,0,0,0,0,0,0,0,0,0,1,0,4.92
0,0,0,0,0,0,0,0,0,0,1,0,4.7
0,0,0,0,1,0,0,0,0,0,0,0,4.12
0,0,0,0,0,0,1,0,0,0,0,0,4.77
0,0,0,0,0,0,1,0,0,0,0,0,4.84
0,1,0,0,0,0,0,0,0,0,0,0,4.84
0,1,0,0,0,0,0,0,0,0,0,0,5.0
0,1,0,0,0,0,0,0,0,0,0,0,4.88
0,0,1,0,0,0,0,0,0,0,0,0,4.51
0,0,0,0,1,0,0,0,0,0,0,0,4.66
0,1,0,0,0,0,0,0,0,0,0,0,4.5
0,0,0,0,1,0,0,0,0,0,0,0,4.6
0,0,0,0,0,0,0,0,0,1,0,0,4.74
0,0,0,0,0,1,0,0,0,0,0,0,4.67
0,0,0,0,1,0,0,0,0,0,0,0,4.33
0,1,0,0,0,0,0,0,0,0,0,0,4.82
0,0,0,0,1,0,0,0,0,0,0,0,4.71
0,0,0,0,0,0,0,1,0,0,0,0,4.91
0,0,1,0,0,0,0,0,0,0,0,0,4.64
1,0,0,0,0,0,0,0,0,0,0,0,4.82
1,0,0,0,0,0,0,0,0,0,0,0,4.98
0,0,0,0,0,0,0,0,0,0,0,1,4.6
0,0,0,0,0,0,1,0,0,0,0,0,4.87
0,0,0,0,0,0,0,0,0,1,0,0,4.93
0,1,0,0,0,0,0,0,0,0,0,0,4.85
0,0,0,0,0,1,0,0,0,0,0,0,4.9
0,0,0,0,1,0,0,0,0,0,0,0,4.96
0,0,0,0,1,0,0,0,0,0,0,0,5.0
0,0,1,0,0,0,0,0,0,0,0,0,4.97
0,0,0,0,1,0,0,0,0,0,0,0,5.0
0,0,0,0,1,0,0,0,0,0,0,0,4.43
0,0,0,0,1,0,0,0,0,0,0,0,4.91
0,0,0,0,0,0,0,0,0,0,1,0,4.63
0,0,0,0,0,0,1,0,0,0,0,0,4.7
0,0,0,0,1,0,0,0,0,0,0,0,4.86
0,0,0,0,1,0,0,0,0,0,0,0,4.81
0,1,0,0,0,0,0,0,0,0,0,0,4.85
1,0,0,0,0,0,0,0,0,0,0,0,4.66
0,0,0,0,0,0,1,0,0,0,0,0,4.89
1,0,0,0,0,0,0,0,0,0,0,0,4.67
0,1,0,0,0,0,0,0,0,0,0,0,4.58
0,0,0,0,1,0,0,0,0,0,0,0,4.61
0,0,0,0,1,0,0,0,0,0,0,0,4.58
0,0,0,0,0,0,0,0,0,1,0,0,4.89
0,0,0,0,1,0,0,0,0,0,0,0,4.79
0,0,0,0,1,0,0,0,0,0,0,0,4.84
0,0,0,0,1,0,0,0,0,0,0,0,4.69
0,0,0,0,1,0,0,0,0,0,0,0,4.93
0,1,0,0,0,0,0,0,0,0,0,0,4.83
0,0,0,0,0,0,0,0,0,1,0,0,4.74
0,1,0,0,0,0,0,0,0,0,0,0,4.5
0,0,1,0,0,0,0,0,0,0,0,0,4.74
0,0,0,0,1,0,0,0,0,0,0,0,4.64
0,0,0,0,0,0,0,0,0,0,1,0,4.84
0,0,0,0,0,0,0,1,0,0,0,0,4.88
0,0,0,0,0,1,0,0,0,0,0,0,4.93
1,0,0,0,0,0,0,0,0,0,0,0,4.83
0,0,0,0,0,0,0,0,0,0,0,1,5.0
0,0,0,0,1,0,0,0,0,0,0,0,4.76
1,0,0,0,0,0,0,0,0,0,0,0,4.63
0,0,0,0,1,0,0,0,0,0,0,0,4.91
0,0,0,0,0,0,0,0,0,1,0,0,4.78
0,0,0,0,0,0,0,1,0,0,0,0,5.0
0,0,0,0,1,0,0,0,0,0,0,0,4.7
0,0,0,0,1,0,0,0,0,0,0,0,4.91
0,0,0,0,0,0,1,0,0,0,0,0,4.98
1,0,0,0,0,0,0,0,0,0,0,0,4.88
0,1,0,0,0,0,0,0,0,0,0,0,4.73
0,0,0,0,0,0,0,0,0,0,1,0,4.98
1,0,0,0,0,0,0,0,0,0,0,0,4.2
0,0,0,0,0,0,1,0,0,0,0,0,4.83
0,0,0,0,0,0,1,0,0,0,0,0,4.5
0,0,0,0,1,0,0,0,0,0,0,0,4.79
0,0,0,0,1,0,0,0,0,0,0,0,4.61
0,0,0,0,0,0,0,0,0,0,1,0,4.87
0,0,0,0,0,0,1,0,0,0,0,0,4.93
0,0,0,0,0,0,1,0,0,0,0,0,4.92
0,0,0,0,0,1,0,0,0,0,0,0,4.75
0,0,0,0,1,0,0,0,0,0,0,0,4.86
0,1,0,0,0,0,0,0,0,0,0,0,5.0
0,0,0,0,1,0,0,0,0,0,0,0,4.68
0,0,0,0,1,0,0,0,0,0,0,0,4.52
0,0,0,0,1,0,0,0,0,0,0,0,4.94
0,0,0,0,1,0,0,0,0,0,0,0,4.6
0,0,0,0,0,1,0,0,0,0,0,0,4.72
0,0,0,0,1,0,0,0,0,0,0,0,4.75
0,1,0,0,0,0,0,0,0,0,0,0,5.0
0,0,0,0,0,0,1,0,0,0,0,0,4.83
0,0,0,0,0,0,0,0,0,0,0,1,4.67
0,0,0,0,0,0,1,0,0,0,0,0,5.0
0,1,0,0,0,0,0,0,0,0,0,0,4.85
0,1,0,0,0,0,0,0,0,0,0,0,4.86
0,0,0,0,1,0,0,0,0,0,0,0,4.6
0,0,0,0,1,0,0,0,0,0,0,0,4.86
0,0,0,0,1,0,0,0,0,0,0,0,4.89
0,0,0,0,0,0,1,0,0,0,0,0,4.73
0,0,0,0,1,0,0,0,0,0,0,0,4.85
0,0,0,0,0,0,0,0,0,0,1,0,4.67
0,0,0,0,0,0,0,1,0,0,0,0,4.72
0,0,0,0,0,0,1,0,0,0,0,0,4.85
0,1,0,0,0,0,0,0,0,0,0,0,4.77
0,0,0,0,0,0,0,0,0,0,1,0,4.75
0,0,0,0,1,0,0,0,0,0,0,0,4.9
0,0,0,0,0,0,1,0,0,0,0,0,4.81
0,0,0,0,0,0,1,0,0,0,0,0,4.74
0,0,0,0,1,0,0,0,0,0,0,0,4.89
0,0,0,0,1,0,0,0,0,0,0,0,4.93
0,0,0,0,1,0,0,0,0,0,0,0,4.92
0,0,0,0,0,0,1,0,0,0,0,0,4.92
0,0,0,0,1,0,0,0,0,0,0,0,4.9
0,1,0,0,0,0,0,0,0,0,0,0,4.86
0,0,0,0,0,0,0,0,0,0,1,0,5.0
0,0,0,0,1,0,0,0,0,0,0,0,4.9
0,0,0,0,0,0,1,0,0,0,0,0,4.48
0,0,0,0,0,0,1,0,0,0,0,0,4.71
0,0,0,0,0,0,1,0,0,0,0,0,4.57
0,0,0,0,0,0,1,0,0,0,0,0,4.64
0,0,0,0,0,0,1,0,0,0,0,0,4.49
0,0,0,0,0,0,1,0,0,0,0,0,4.65
0,0,0,0,0,0,0,0,0,0,1,0,4.82
0,0,0,0,1,0,0,0,0,0,0,0,4.85
0,0,0,0,1,0,0,0,0,0,0,0,5.0
0,1,0,0,0,0,0,0,0,0,0,0,4.9
0,0,0,0,0,1,0,0,0,0,0,0,4.71
0,0,0,0,0,0,0,0,0,0,0,1,4.88
0,0,0,0,0,1,0,0,0,0,0,0,4.74
0,1,0,0,0,0,0,0,0,0,0,0,4.87
0,0,0,0,1,0,0,0,0,0,0,0,4.97
0,0,0,0,0,0,0,0,0,0,0,1,4.88
1,0,0,0,0,0,0,0,0,0,0,0,4.93
0,1,0,0,0,0,0,0,0,0,0,0,4.95
0,0,0,0,1,0,0,0,0,0,0,0,4.94
0,0,0,0,0,0,1,0,0,0,0,0,4.98
0,1,0,0,0,0,0,0,0,0,0,0,4.78
0,0,0,0,1,0,0,0,0,0,0,0,4.88
0,1,0,0,0,0,0,0,0,0,0,0,4.96
0,1,0,0,0,0,0,0,0,0,0,0,4.75
0,0,0,0,1,0,0,0,0,0,0,0,4.2
0,0,0,0,1,0,0,0,0,0,0,0,4.81
0,1,0,0,0,0,0,0,0,0,0,0,4.88
0,1,0,0,0,0,0,0,0,0,0,0,4.79
0,1,0,0,0,0,0,0,0,0,0,0,4.92
0,1,0,0,0,0,0,0,0,0,0,0,4.71
0,0,0,0,0,0,1,0,0,0,0,0,4.89
0,0,0,0,0,0,1,0,0,0,0,0,4.79
0,0,0,0,0,0,0,0,0,0,0,1,4.91
0,1,0,0,0,0,0,0,0,0,0,0,4.83
0,1,0,0,0,0,0,0,0,0,0,0,4.5
0,0,0,0,1,0,0,0,0,0,0,0,4.85
0,1,0,0,0,0,0,0,0,0,0,0,4.8
0,0,0,0,0,0,0,0,1,0,0,0,4.69
0,1,0,0,0,0,0,0,0,0,0,0,4.71
0,1,0,0,0,0,0,0,0,0,0,0,4.63
0,1,0,0,0,0,0,0,0,0,0,0,4.96
0,0,0,0,0,0,0,0,0,0,1,0,4.94
0,0,0,0,0,0,1,0,0,0,0,0,4.71
0,0,0,0,0,0,1,0,0,0,0,0,5.0
0,0,0,0,0,0,0,0,0,0,1,0,4.88
0,1,0,0,0,0,0,0,0,0,0,0,4.82
0,0,0,0,0,0,0,0,0,0,0,1,4.4
0,0,0,0,0,0,1,0,0,0,0,0,4.95
0,0,0,0,1,0,0,0,0,0,0,0,4.84
1,0,0,0,0,0,0,0,0,0,0,0,5.0
0,1,0,0,0,0,0,0,0,0,0,0,4.92
0,0,0,0,0,0,1,0,0,0,0,0,4.81
0,0,0,0,1,0,0,0,0,0,0,0,4.84
0,0,0,0,0,1,0,0,0,0,0,0,4.95
0,0,0,0,0,0,0,1,0,0,0,0,4.9
1,0,0,0,0,0,0,0,0,0,0,0,4.44
0,0,0,0,1,0,0,0,0,0,0,0,4.7
0,1,0,0,0,0,0,0,0,0,0,0,4.93
0,0,0,0,1,0,0,0,0,0,0,0,4.77
0,0,0,0,0,0,1,0,0,0,0,0,4.92
0,0,0,0,0,0,0,0,0,0,1,0,4.46
0,1,0,0,0,0,0,0,0,0,0,0,4.87
0,0,0,0,0,0,0,0,0,0,1,0,4.83
0,0,0,0,0,1,0,0,0,0,0,0,4.67
0,1,0,0,0,0,0,0,0,0,0,0,4.78
0,1,0,0,0,0,0,0,0,0,0,0,4.74
0,0,0,0,0,0,0,0,0,1,0,0,4.82
0,1,0,0,0,0,0,0,0,0,0,0,4.74
0,0,0,0,0,0,1,0,0,0,0,0,4.94
1,0,0,0,0,0,0,0,0,0,0,0,4.8
0,1,0,0,0,0,0,0,0,0,0,0,4.82
0,0,1,0,0,0,0,0,0,0,0,0,4.8
0,0,0,0,0,0,1,0,0,0,0,0,4.85
0,1,0,0,0,0,0,0,0,0,0,0,4.97
1,0,0,0,0,0,0,0,0,0,0,0,4.96
0,1,0,0,0,0,0,0,0,0,0,0,5.0
1,0,0,0,0,0,0,0,0,0,0,0,4.8
0,0,0,0,0,1,0,0,0,0,0,0,5.0
0,0,0,0,0,1,0,0,0,0,0,0,4.91
0,0,0,0,1,0,0,0,0,0,0,0,4.73
0,0,0,0,1,0,0,0,0,0,0,0,4.77
0,0,1,0,0,0,0,0,0,0,0,0,4.91
0,0,0,0,1,0,0,0,0,0,0,0,4.85
1,0,0,0,0,0,0,0,0,0,0,0,4.6
0,0,0,0,0,0,1,0,0,0,0,0,4.95
1,0,0,0,0,0,0,0,0,0,0,0,4.54
0,0,0,0,0,0,1,0,0,0,0,0,4.91
0,0,0,0,1,0,0,0,0,0,0,0,4.79
0,0,0,0,1,0,0,0,0,0,0,0,4.8
0,0,0,1,0,0,0,0,0,0,0,0,4.9
1,0,0,0,0,0,0,0,0,0,0,0,4.79
0,1,0,0,0,0,0,0,0,0,0,0,4.6
0,0,0,1,0,0,0,0,0,0,0,0,4.96
0,0,0,0,0,0,1,0,0,0,0,0,4.84
0,1,0,0,0,0,0,0,0,0,0,0,4.79
1,0,0,0,0,0,0,0,0,0,0,0,4.93
0,0,0,0,0,0,0,0,0,0,0,1,4.97
0,0,0,0,0,0,0,0,0,1,0,0,4.92
0,0,0,0,0,1,0,0,0,0,0,0,4.84
1,0,0,0,0,0,0,0,0,0,0,0,4.44
0,0,0,0,0,0,0,0,0,0,1,0,4.95
1,0,0,0,0,0,0,0,0,0,0,0,4.82
1,0,0,0,0,0,0,0,0,0,0,0,4.64
0,0,0,0,0,0,0,0,0,0,1,0,4.55
0,1,0,0,0,0,0,0,0,0,0,0,4.76
0,0,0,0,0,1,0,0,0,0,0,0,4.98
0,0,0,0,1,0,0,0,0,0,0,0,4.38
0,0,0,0,1,0,0,0,0,0,0,0,4.86
0,0,0,0,0,0,1,0,0,0,0,0,4.8
0,0,0,0,1,0,0,0,0,0,0,0,4.94
0,0,0,0,0,0,0,0,0,1,0,0,4.87
1,0,0,0,0,0,0,0,0,0,0,0,4.46
1,0,0,0,0,0,0,0,0,0,0,0,4.86
0,0,0,0,1,0,0,0,0,0,0,0,4.75
0,1,0,0,0,0,0,0,0,0,0,0,4.74
0,0,0,0,1,0,0,0,0,0,0,0,4.91
0,0,0,1,0,0,0,0,0,0,0,0,4.88
0,0,0,0,0,1,0,0,0,0,0,0,4.61
0,1,0,0,0,0,0,0,0,0,0,0,4.74
0,0,0,0,0,0,1,0,0,0,0,0,4.92
0,0,0,1,0,0,0,0,0,0,0,0,4.9
0,0,0,0,0,0,0,0,0,0,0,1,4.77
0,0,0,0,0,0,0,0,0,0,1,0,4.91
0,1,0,0,0,0,0,0,0,0,0,0,4.73
0,0,0,0,0,0,1,0,0,0,0,0,4.56
0,0,0,0,0,0,0,0,0,1,0,0,4.88
0,0,0,0,0,0,1,0,0,0,0,0,5.0
0,0,0,0,0,0,0,0,0,0,1,0,4.88
0,0,0,0,1,0,0,0,0,0,0,0,5.0
1,0,0,0,0,0,0,0,0,0,0,0,4.4
0,1,0,0,0,0,0,0,0,0,0,0,5.0
0,1,0,0,0,0,0,0,0,0,0,0,4.92
0,0,0,0,0,0,1,0,0,0,0,0,4.96
0,0,0,0,0,0,1,0,0,0,0,0,4.81
0,0,0,0,0,0,0,0,0,0,1,0,4.95
0,0,0,0,0,0,0,0,0,0,1,0,4.93
0,1,0,0,0,0,0,0,0,0,0,0,4.6
0,0,0,0,1,0,0,0,0,0,0,0,4.34
0,0,0,0,0,0,0,0,0,1,0,0,4.69
0,0,0,0,1,0,0,0,0,0,0,0,4.92
0,1,0,0,0,0,0,0,0,0,0,0,4.96
0,0,0,0,0,0,0,0,0,0,1,0,4.76
0,0,0,0,0,0,1,0,0,0,0,0,4.91
0,0,0,0,1,0,0,0,0,0,0,0,4.71
0,0,0,0,1,0,0,0,0,0,0,0,4.8
0,0,0,0,0,0,1,0,0,0,0,0,4.58
0,0,0,0,0,0,0,0,1,0,0,0,4.94
1,0,0,0,0,0,0,0,0,0,0,0,4.9
0,1,0,0,0,0,0,0,0,0,0,0,4.99
0,1,0,0,0,0,0,0,0,0,0,0,4.95
0,0,0,0,0,0,0,0,0,1,0,0,4.82
1,0,0,0,0,0,0,0,0,0,0,0,4.95
0,0,0,0,1,0,0,0,0,0,0,0,4.79
0,0,0,0,1,0,0,0,0,0,0,0,4.74
0,0,0,0,0,0,0,0,0,1,0,0,4.92
0,1,0,0,0,0,0,0,0,0,0,0,4.78
0,1,0,0,0,0,0,0,0,0,0,0,4.65
0,0,1,0,0,0,0,0,0,0,0,0,4.93
0,0,0,0,0,0,1,0,0,0,0,0,4.83
0,0,0,0,0,0,0,0,0,0,0,1,4.87
0,0,0,0,1,0,0,0,0,0,0,0,4.94
0,0,0,0,0,0,0,0,0,0,1,0,5.0
0,0,0,0,1,0,0,0,0,0,0,0,4.81
0,0,0,0,1,0,0,0,0,0,0,0,4.77
0,0,0,0,1,0,0,0,0,0,0,0,4.58
0,0,0,0,0,1,0,0,0,0,0,0,5.0
0,0,0,0,0,0,0,0,0,0,1,0,4.92
0,0,0,0,0,0,1,0,0,0,0,0,4.92
0,0,0,0,0,0,0,0,0,1,0,0,4.86
0,0,0,0,0,0,1,0,0,0,0,0,4.94
0,0,0,0,0,0,0,0,0,0,0,1,4.83
0,0,0,0,0,0,0,0,0,1,0,0,4.42
0,0,0,0,0,0,1,0,0,0,0,0,4.83
1,0,0,0,0,0,0,0,0,0,0,0,4.86
1,0,0,0,0,0,0,0,0,0,0,0,4.48
0,0,0,0,0,0,0,1,0,0,0,0,4.95
0,0,0,0,0,0,0,1,0,0,0,0,4.91
0,1,0,0,0,0,0,0,0,0,0,0,4.89
0,1,0,0,0,0,0,0,0,0,0,0,4.87
0,0,0,0,1,0,0,0,0,0,0,0,4.54
0,1,0,0,0,0,0,0,0,0,0,0,4.95
0,0,0,0,0,0,0,0,0,0,1,0,5.0
0,1,0,0,0,0,0,0,0,0,0,0,4.91
0,0,0,0,0,1,0,0,0,0,0,0,4.89
0,1,0,0,0,0,0,0,0,0,0,0,4.77
0,0,0,0,0,1,0,0,0,0,0,0,4.93
0,0,0,0,1,0,0,0,0,0,0,0,4.8
0,0,0,0,0,1,0,0,0,0,0,0,4.9
0,0,0,1,0,0,0,0,0,0,0,0,4.97
0,0,1,0,0,0,0,0,0,0,0,0,4.85
0,1,0,0,0,0,0,0,0,0,0,0,4.8
0,0,0,0,1,0,0,0,0,0,0,0,4.98
0,0,0,0,0,0,0,0,0,0,1,0,4.7
0,0,0,0,0,0,0,0,0,0,1,0,4.63
0,1,0,0,0,0,0,0,0,0,0,0,4.91
0,0,1,0,0,0,0,0,0,0,0,0,4.85
0,0,0,0,0,0,1,0,0,0,0,0,4.2
0,1,0,0,0,0,0,0,0,0,0,0,4.92
0,1,0,0,0,0,0,0,0,0,0,0,5.0
0,1,0,0,0,0,0,0,0,0,0,0,4.75
0,1,0,0,0,0,0,0,0,0,0,0,4.83
0,1,0,0,0,0,0,0,0,0,0,0,4.62
0,0,0,0,1,0,0,0,0,0,0,0,4.64
0,1,0,0,0,0,0,0,0,0,0,0,4.86
0,0,0,0,1,0,0,0,0,0,0,0,4.86
0,0,0,0,0,0,1,0,0,0,0,0,4.67
1,0,0,0,0,0,0,0,0,0,0,0,5.0
0,0,0,0,0,0,1,0,0,0,0,0,4.74
0,1,0,0,0,0,0,0,0,0,0,0,4.87
0,0,0,0,0,0,0,0,1,0,0,0,4.83
0,0,0,0,1,0,0,0,0,0,0,0,4.65
0,1,0,0,0,0,0,0,0,0,0,0,4.91
0,0,0,0,1,0,0,0,0,0,0,0,4.87
0,0,0,0,1,0,0,0,0,0,0,0,4.91
0,0,0,0,1,0,0,0,0,0,0,0,4.62
1,0,0,0,0,0,0,0,0,0,0,0,4.71
1,0,0,0,0,0,0,0,0,0,0,0,4.52
0,0,0,0,0,0,0,1,0,0,0,0,4.59
1,0,0,0,0,0,0,0,0,0,0,0,4.79
0,0,0,0,0,0,1,0,0,0,0,0,4.85
0,0,0,0,0,1,0,0,0,0,0,0,4.77
0,0,0,0,0,0,1,0,0,0,0,0,4.76
1,0,0,0,0,0,0,0,0,0,0,0,4.7
0,0,0,0,0,0,0,0,0,0,1,0,4.82
0,1,0,0,0,0,0,0,0,0,0,0,4.81
0,0,0,0,0,0,0,0,0,1,0,0,4.89
1,0,0,0,0,0,0,0,0,0,0,0,4.85
0,1,0,0,0,0,0,0,0,0,0,0,4.83
0,1,0,0,0,0,0,0,0,0,0,0,4.96
0,0,0,0,0,0,0,0,0,0,1,0,4.61
1,0,0,0,0,0,0,0,0,0,0,0,4.9
0,1,0,0,0,0,0,0,0,0,0,0,5.0
0,1,0,0,0,0,0,0,0,0,0,0,4.88
0,0,0,1,0,0,0,0,0,0,0,0,4.85
0,0,0,0,0,0,1,0,0,0,0,0,4.82
0,0,0,0,1,0,0,0,0,0,0,0,4.89
1,0,0,0,0,0,0,0,0,0,0,0,4.5
1,0,0,0,0,0,0,0,0,0,0,0,4.78
1,0,0,0,0,0,0,0,0,0,0,0,4.58
0,0,0,0,0,0,0,0,0,0,1,0,4.72
0,0,0,0,0,0,0,0,0,1,0,0,4.31
1,0,0,0,0,0,0,0,0,0,0,0,4.82
0,1,0,0,0,0,0,0,0,0,0,0,4.89
0,0,0,0,0,0,0,0,0,0,1,0,4.57
0,0,0,1,0,0,0,0,0,0,0,0,4.38
0,1,0,0,0,0,0,0,0,0,0,0,4.96
0,0,1,0,0,0,0,0,0,0,0,0,4.9
0,0,0,0,1,0,0,0,0,0,0,0,4.82
0,0,1,0,0,0,0,0,0,0,0,0,4.87
0,1,0,0,0,0,0,0,0,0,0,0,4.51
0,0,0,0,1,0,0,0,0,0,0,0,4.74
0,1,0,0,0,0,0,0,0,0,0,0,4.25
0,0,0,0,0,1,0,0,0,0,0,0,4.69
0,0,0,0,1,0,0,0,0,0,0,0,5.0
1,0,0,0,0,0,0,0,0,0,0,0,4.6
0,0,0,0,0,1,0,0,0,0,0,0,4.85
0,0,0,0,0,1,0,0,0,0,0,0,4.96
0,1,0,0,0,0,0,0,0,0,0,0,4.98
0,0,0,0,1,0,0,0,0,0,0,0,4.85
0,0,0,0,1,0,0,0,0,0,0,0,4.82
0,1,0,0,0,0,0,0,0,0,0,0,4.76
0,0,0,0,1,0,0,0,0,0,0,0,4.85
0,0,0,0,1,0,0,0,0,0,0,0,4.83
0,0,0,0,1,0,0,0,0,0,0,0,4.86
0,0,0,0,1,0,0,0,0,0,0,0,4.72
0,0,0,0,1,0,0,0,0,0,0,0,4.64
1,0,0,0,0,0,0,0,0,0,0,0,4.81
0,1,0,0,0,0,0,0,0,0,0,0,4.9
0,0,0,0,0,0,1,0,0,0,0,0,4.83
0,0,0,0,1,0,0,0,0,0,0,0,4.75
0,0,0,0,1,0,0,0,0,0,0,0,4.88
0,0,0,0,0,1,0,0,0,0,0,0,4.94
0,1,0,0,0,0,0,0,0,0,0,0,4.91
0,1,0,0,0,0,0,0,0,0,0,0,5.0
1,0,0,0,0,0,0,0,0,0,0,0,5.0
0,0,0,0,1,0,0,0,0,0,0,0,4.67
0,1,0,0,0,0,0,0,0,0,0,0,4.82
0,0,0,0,0,0,0,0,0,0,1,0,4.96
0,0,0,0,0,0,0,0,0,0,1,0,4.83
0,0,0,0,1,0,0,0,0,0,0,0,4.83
0,0,0,0,0,0,0,0,1,0,0,0,4.9
0,0,0,0,0,0,0,0,0,0,1,0,4.88
0,0,0,0,0,0,1,0,0,0,0,0,4.0
0,0,0,0,0,0,0,1,0,0,0,0,4.98
0,0,0,0,0,0,1,0,0,0,0,0,5.0
0,0,0,0,0,0,0,0,0,0,1,0,4.89
0,0,0,0,0,0,1,0,0,0,0,0,4.72
0,1,0,0,0,0,0,0,0,0,0,0,4.43
1,0,0,0,0,0,0,0,0,0,0,0,4.98
0,1,0,0,0,0,0,0,0,0,0,0,4.89
1,0,0,0,0,0,0,0,0,0,0,0,4.47
0,0,0,0,0,0,1,0,0,0,0,0,4.84
0,1,0,0,0,0,0,0,0,0,0,0,4.88
0,0,0,0,0,0,1,0,0,0,0,0,5.0
0,1,0,0,0,0,0,0,0,0,0,0,4.4
0,0,0,0,0,0,1,0,0,0,0,0,4.9
0,1,0,0,0,0,0,0,0,0,0,0,5.0
0,0,0,0,0,0,0,0,0,0,0,1,4.98
0,1,0,0,0,0,0,0,0,0,0,0,4.74
1,0,0,0,0,0,0,0,0,0,0,0,4.81
1,0,0,0,0,0,0,0,0,0,0,0,4.71
1,0,0,0,0,0,0,0,0,0,0,0,4.73
0,0,0,0,1,0,0,0,0,0,0,0,4.59
0,0,0,0,0,0,0,0,1,0,0,0,4.86
0,0,0,0,0,0,0,1,0,0,0,0,4.92
0,0,0,0,0,1,0,0,0,0,0,0,4.95
0,0,0,0,1,0,0,0,0,0,0,0,4.75
0,0,0,0,1,0,0,0,0,0,0,0,4.82
0,1,0,0,0,0,0,0,0,0,0,0,4.25
0,1,0,0,0,0,0,0,0,0,0,0,4.92
0,0,0,0,0,0,0,0,0,0,0,1,4.9
0,0,0,0,1,0,0,0,0,0,0,0,4.85
0,0,0,0,1,0,0,0,0,0,0,0,4.74
0,0,1,0,0,0,0,0,0,0,0,0,4.89
0,0,0,0,0,0,0,0,0,0,1,0,4.93
0,0,1,0,0,0,0,0,0,0,0,0,4.96
0,0,0,0,1,0,0,0,0,0,0,0,4.73
1,0,0,0,0,0,0,0,0,0,0,0,4.33
1,0,0,0,0,0,0,0,0,0,0,0,4.68
1,0,0,0,0,0,0,0,0,0,0,0,4.0
0,1,0,0,0,0,0,0,0,0,0,0,4.86
0,1,0,0,0,0,0,0,0,0,0,0,4.88
0,1,0,0,0,0,0,0,0,0,0,0,4.88
0,0,0,0,1,0,0,0,0,0,0,0,4.69
0,0,0,0,0,0,1,0,0,0,0,0,4.78
0,0,0,0,0,0,0,0,0,0,1,0,5.0
0,0,0,0,0,0,1,0,0,0,0,0,4.84
0,0,0,0,0,0,1,0,0,0,0,0,4.94
1,0,0,0,0,0,0,0,0,0,0,0,4.86
0,0,0,0,0,1,0,0,0,0,0,0,5.0
0,0,0,0,0,1,0,0,0,0,0,0,4.95
0,0,0,1,0,0,0,0,0,0,0,0,5.0
0,0,0,0,0,0,0,0,0,0,0,1,4.52
0,0,0,0,0,0,1,0,0,0,0,0,4.97
0,0,0,0,0,0,0,1,0,0,0,0,4.77
0,0,0,0,0,1,0,0,0,0,0,0,5.0
0,0,0,0,0,1,0,0,0,0,0,0,4.99
1,0,0,0,0,0,0,0,0,0,0,0,4.52
0,0,0,0,0,0,0,0,0,0,0,1,4.36
0,0,0,0,0,0,1,0,0,0,0,0,4.72
1,0,0,0,0,0,0,0,0,0,0,0,4.29
0,0,0,0,0,0,0,0,0,0,0,1,4.58
0,0,0,0,1,0,0,0,0,0,0,0,4.73
1,0,0,0,0,0,0,0,0,0,0,0,4.81
1,0,0,0,0,0,0,0,0,0,0,0,4.75
0,0,0,0,0,0,1,0,0,0,0,0,4.43
0,0,0,0,0,0,1,0,0,0,0,0,4.59
0,0,0,0,0,0,0,0,0,0,0,1,4.36
0,1,0,0,0,0,0,0,0,0,0,0,4.86
0,0,0,0,0,0,0,0,0,0,1,0,5.0
0,0,0,0,0,0,0,0,0,0,0,1,4.93
0,0,0,0,0,0,0,1,0,0,0,0,4.75
1,0,0,0,0,0,0,0,0,0,0,0,4.8
0,0,0,0,0,0,1,0,0,0,0,0,4.87
0,1,0,0,0,0,0,0,0,0,0,0,4.82
0,0,0,0,0,1,0,0,0,0,0,0,5.0
0,1,0,0,0,0,0,0,0,0,0,0,4.82
0,0,0,0,1,0,0,0,0,0,0,0,4.81
0,1,0,0,0,0,0,0,0,0,0,0,4.59
0,0,0,0,0,0,0,0,0,0,1,0,4.96
0,0,0,0,0,0,1,0,0,0,0,0,4.83
0,0,0,0,0,0,0,0,0,1,0,0,5.0
0,0,0,0,0,0,0,1,0,0,0,0,4.74
0,1,0,0,0,0,0,0,0,0,0,0,4.7
1,0,0,0,0,0,0,0,0,0,0,0,4.96
0,1,0,0,0,0,0,0,0,0,0,0,5.0
0,0,0,0,1,0,0,0,0,0,0,0,4.32
0,0,0,0,0,0,1,0,0,0,0,0,4.39
0,0,0,0,1,0,0,0,0,0,0,0,4.64
0,0,0,0,0,1,0,0,0,0,0,0,4.67
0,0,0,0,0,0,1,0,0,0,0,0,4.79
0,0,0,0,0,0,0,0,0,0,1,0,5.0
0,0,0,0,0,0,0,0,0,1,0,0,4.97
0,0,0,0,1,0,0,0,0,0,0,0,4.87
0,0,0,0,0,0,0,0,0,0,1,0,4.9
0,0,0,0,0,0,1,0,0,0,0,0,4.66
0,1,0,0,0,0,0,0,0,0,0,0,4.94
0,0,0,0,0,1,0,0,0,0,0,0,4.54
1,0,0,0,0,0,0,0,0,0,0,0,4.88
0,0,0,0,0,0,0,0,0,1,0,0,4.8
0,0,0,0,0,0,0,0,0,0,1,0,4.91
0,0,0,0,1,0,0,0,0,0,0,0,4.68
0,0,0,0,0,0,0,1,0,0,0,0,4.66
1,0,0,0,0,0,0,0,0,0,0,0,4.88
0,0,0,0,1,0,0,0,0,0,0,0,4.91
0,0,0,0,0,0,1,0,0,0,0,0,5.0
0,1,0,0,0,0,0,0,0,0,0,0,4.81
0,0,0,0,1,0,0,0,0,0,0,0,5.0
0,0,0,0,0,0,1,0,0,0,0,0,4.59
0,1,0,0,0,0,0,0,0,0,0,0,4.96
0,0,0,0,0,0,1,0,0,0,0,0,4.95
0,0,0,0,0,0,0,0,0,0,0,1,4.94
0,0,0,0,0,0,1,0,0,0,0,0,4.94
0,0,0,0,1,0,0,0,0,0,0,0,4.98
0,0,0,0,1,0,0,0,0,0,0,0,4.88
1,0,0,0,0,0,0,0,0,0,0,0,4.86
0,0,0,0,0,0,1,0,0,0,0,0,4.96
0,0,0,0,0,1,0,0,0,0,0,0,4.8
0,0,0,0,1,0,0,0,0,0,0,0,4.91
0,1,0,0,0,0,0,0,0,0,0,0,4.3
1,0,0,0,0,0,0,0,0,0,0,0,4.92
0,0,0,0,0,0,0,0,0,0,1,0,4.92
1,0,0,0,0,0,0,0,0,0,0,0,4.95
0,0,1,0,0,0,0,0,0,0,0,0,4.76
1,0,0,0,0,0,0,0,0,0,0,0,4.59
0,0,0,0,1,0,0,0,0,0,0,0,4.97
0,0,0,0,0,0,1,0,0,0,0,0,4.79
0,0,0,0,0,0,1,0,0,0,0,0,4.69
0,0,0,0,0,1,0,0,0,0,0,0,4.91
0,0,0,0,1,0,0,0,0,0,0,0,4.33
0,0,0,0,0,0,0,0,1,0,0,0,4.98
1,0,0,0,0,0,0,0,0,0,0,0,5.0
1,0,0,0,0,0,0,0,0,0,0,0,4.5
0,0,0,0,0,0,1,0,0,0,0,0,4.99
0,0,0,0,0,0,0,0,0,0,1,0,5.0
0,0,0,1,0,0,0,0,0,0,0,0,4.96
0,0,0,0,0,0,1,0,0,0,0,0,4.78
0,0,0,0,0,0,0,0,0,0,1,0,4.7
0,0,0,0,1,0,0,0,0,0,0,0,4.92
0,0,1,0,0,0,0,0,0,0,0,0,4.91
0,0,0,0,1,0,0,0,0,0,0,0,4.91
0,0,0,0,0,0,1,0,0,0,0,0,4.8
0,0,0,0,0,0,0,1,0,0,0,0,4.73
0,0,0,0,0,0,0,0,0,0,1,0,4.75
0,0,0,0,0,0,0,0,0,0,1,0,4.68
0,1,0,0,0,0,0,0,0,0,0,0,4.69
0,0,0,0,0,0,0,0,1,0,0,0,4.8
0,0,0,0,0,0,0,0,1,0,0,0,4.25
0,0,0,0,0,0,0,0,0,1,0,0,4.85
0,0,0,0,1,0,0,0,0,0,0,0,4.35
0,0,0,0,0,0,1,0,0,0,0,0,4.6
0,0,0,0,0,0,0,0,0,0,0,1,4.83
0,0,0,0,1,0,0,0,0,0,0,0,4.55
0,1,0,0,0,0,0,0,0,0,0,0,4.8
0,1,0,0,0,0,0,0,0,0,0,0,4.93
0,1,0,0,0,0,0,0,0,0,0,0,4.9
0,0,0,0,1,0,0,0,0,0,0,0,4.81
0,0,0,0,0,0,0,0,0,0,0,1,4.57
0,0,0,0,0,0,1,0,0,0,0,0,4.2
0,0,0,0,1,0,0,0,0,0,0,0,4.99
0,0,0,0,1,0,0,0,0,0,0,0,4.93
0,0,0,0,0,0,1,0,0,0,0,0,4.96
0,0,0,0,1,0,0,0,0,0,0,0,4.93
0,0,0,0,0,0,1,0,0,0,0,0,4.94
0,0,0,0,1,0,0,0,0,0,0,0,4.45
0,1,0,0,0,0,0,0,0,0,0,0,4.99
0,0,1,0,0,0,0,0,0,0,0,0,4.78
0,0,0,0,0,0,0,1,0,0,0,0,4.74
0,0,0,0,0,0,0,0,0,0,1,0,4.8
0,0,0,1,0,0,0,0,0,0,0,0,5.0
0,0,0,0,0,0,1,0,0,0,0,0,4.53
0,0,0,0,0,0,0,1,0,0,0,0,4.85
0,0,0,0,0,1,0,0,0,0,0,0,4.81
0,0,0,0,0,1,0,0,0,0,0,0,4.84
0,0,0,0,0,0,0,0,0,0,1,0,4.94
0,0,0,0,0,1,0,0,0,0,0,0,4.78
0,0,0,0,1,0,0,0,0,0,0,0,4.92
0,1,0,0,0,0,0,0,0,0,0,0,4.55
0,1,0,0,0,0,0,0,0,0,0,0,4.95
0,0,0,0,0,0,1,0,0,0,0,0,4.86
1,0,0,0,0,0,0,0,0,0,0,0,4.96
0,0,0,0,0,0,1,0,0,0,0,0,4.91
1,0,0,0,0,0,0,0,0,0,0,0,4.93
0,0,0,0,1,0,0,0,0,0,0,0,4.62
0,0,0,0,0,0,1,0,0,0,0,0,4.88
0,0,0,0,0,1,0,0,0,0,0,0,5.0
0,0,0,0,0,0,1,0,0,0,0,0,4.69
0,0,0,0,0,0,0,1,0,0,0,0,4.61
0,0,0,0,1,0,0,0,0,0,0,0,4.72
0,0,0,0,1,0,0,0,0,0,0,0,4.87
0,0,0,0,0,0,0,0,0,0,1,0,4.74
0,0,0,0,1,0,0,0,0,0,0,0,4.78
0,0,0,0,1,0,0,0,0,0,0,0,4.7
0,0,0,0,0,0,1,0,0,0,0,0,4.96
1,0,0,0,0,0,0,0,0,0,0,0,4.96
0,1,0,0,0,0,0,0,0,0,0,0,4.98
0,0,0,0,1,0,0,0,0,0,0,0,4.89
0,0,0,0,0,0,0,0,0,1,0,0,4.93
0,1,0,0,0,0,0,0,0,0,0,0,4.92
1,0,0,0,0,0,0,0,0,0,0,0,4.8
0,1,0,0,0,0,0,0,0,0,0,0,4.88
0,0,0,0,0,0,1,0,0,0,0,0,4.91
0,0,1,0,0,0,0,0,0,0,0,0,5.0
0,0,1,0,0,0,0,0,0,0,0,0,4.57
0,0,0,0,0,1,0,0,0,0,0,0,4.65
1,0,0,0,0,0,0,0,0,0,0,0,4.89
1,0,0,0,0,0,0,0,0,0,0,0,4.97
0,0,0,0,0,1,0,0,0,0,0,0,4.66
0,1,0,0,0,0,0,0,0,0,0,0,4.98
0,0,0,0,0,0,0,0,0,0,1,0,4.82
0,0,0,0,0,0,0,0,1,0,0,0,4.74
0,0,0,0,0,0,1,0,0,0,0,0,4.76
0,0,0,0,0,0,0,0,0,0,1,0,4.96
0,0,0,0,0,0,0,1,0,0,0,0,4.75
0,0,0,0,0,0,0,0,0,0,0,1,4.62
0,0,0,0,0,0,0,0,0,0,1,0,4.85
0,0,0,0,0,0,1,0,0,0,0,0,4.95
0,0,0,0,1,0,0,0,0,0,0,0,4.94
0,1,0,0,0,0,0,0,0,0,0,0,4.84
0,0,0,0,0,0,0,0,0,0,1,0,4.76
0,0,0,0,0,0,0,0,0,0,0,1,4.91
0,0,0,0,0,0,0,1,0,0,0,0,4.8
0,0,0,0,0,0,1,0,0,0,0,0,4.93
0,0,0,0,1,0,0,0,0,0,0,0,4.83
0,0,0,0,1,0,0,0,0,0,0,0,4.68
0,0,0,0,0,0,0,0,0,0,1,0,4.89
1,0,0,0,0,0,0,0,0,0,0,0,4.97
1,0,0,0,0,0,0,0,0,0,0,0,4.93
0,1,0,0,0,0,0,0,0,0,0,0,4.35
0,0,0,0,1,0,0,0,0,0,0,0,4.83
0,0,0,1,0,0,0,0,0,0,0,0,4.56
0,0,1,0,0,0,0,0,0,0,0,0,5.0
0,0,0,1,0,0,0,0,0,0,0,0,4.34
1,0,0,0,0,0,0,0,0,0,0,0,4.64
0,1,0,0,0,0,0,0,0,0,0,0,4.78
0,0,0,0,0,0,0,0,0,0,1,0,4.89
0,0,0,0,0,0,0,0,1,0,0,0,4.87
0,0,0,0,0,0,0,0,0,1,0,0,4.9
0,1,0,0,0,0,0,0,0,0,0,0,4.74
0,1,0,0,0,0,0,0,0,0,0,0,4.84
0,0,0,0,0,1,0,0,0,0,0,0,4.83
0,1,0,0,0,0,0,0,0,0,0,0,4.81
0,0,0,0,0,0,0,1,0,0,0,0,4.9
0,0,0,0,1,0,0,0,0,0,0,0,4.93
0,0,0,0,1,0,0,0,0,0,0,0,4.76
0,0,0,0,1,0,0,0,0,0,0,0,4.71
0,0,0,0,0,0,1,0,0,0,0,0,4.85
0,0,1,0,0,0,0,0,0,0,0,0,4.99
0,0,0,0,1,0,0,0,0,0,0,0,4.75
0,0,0,0,0,0,0,0,0,1,0,0,4.75
0,1,0,0,0,0,0,0,0,0,0,0,4.95
0,0,0,0,0,0,0,0,0,0,1,0,4.73
0,0,0,0,0,0,0,0,0,0,0,1,4.97
0,0,0,1,0,0,0,0,0,0,0,0,4.75
0,1,0,0,0,0,0,0,0,0,0,0,4.97
0,1,0,0,0,0,0,0,0,0,0,0,4.91
0,1,0,0,0,0,0,0,0,0,0,0,4.0
0,0,0,0,0,0,0,0,0,1,0,0,4.92
0,0,0,0,1,0,0,0,0,0,0,0,5.0
0,0,0,0,0,0,1,0,0,0,0,0,4.93
0,0,0,0,0,1,0,0,0,0,0,0,4.86
0,1,0,0,0,0,0,0,0,0,0,0,4.94
0,0,0,0,0,0,1,0,0,0,0,0,4.68
0,0,0,0,0,0,1,0,0,0,0,0,4.91
0,0,0,0,0,0,0,0,0,0,1,0,4.72
0,0,0,0,1,0,0,0,0,0,0,0,4.72
0,0,0,0,0,0,1,0,0,0,0,0,4.89
0,0,0,0,0,1,0,0,0,0,0,0,4.89
0,0,0,0,1,0,0,0,0,0,0,0,4.98
0,0,0,0,0,0,1,0,0,0,0,0,5.0
0,0,0,0,1,0,0,0,0,0,0,0,4.96
0,0,0,0,0,0,1,0,0,0,0,0,4.79
0,0,0,0,0,0,0,0,1,0,0,0,5.0
0,0,0,0,1,0,0,0,0,0,0,0,4.4
0,0,0,0,1,0,0,0,0,0,0,0,4.6
0,0,0,0,1,0,0,0,0,0,0,0,4.59
0,0,0,0,0,0,0,0,1,0,0,0,4.65
0,1,0,0,0,0,0,0,0,0,0,0,4.86
1,0,0,0,0,0,0,0,0,0,0,0,4.9
0,1,0,0,0,0,0,0,0,0,0,0,4.78
0,0,0,0,0,0,0,1,0,0,0,0,4.84
0,0,0,0,0,0,0,0,0,0,1,0,4.98
0,1,0,0,0,0,0,0,0,0,0,0,4.88
0,1,0,0,0,0,0,0,0,0,0,0,4.72
0,0,0,0,0,1,0,0,0,0,0,0,4.91
0,0,0,0,0,0,0,0,0,1,0,0,4.6
1,0,0,0,0,0,0,0,0,0,0,0,4.54
0,0,0,0,0,0,1,0,0,0,0,0,4.64
0,0,0,0,0,0,1,0,0,0,0,0,4.31
0,0,0,0,0,0,1,0,0,0,0,0,4.59
0,0,0,0,0,0,1,0,0,0,0,0,4.38
0,0,0,0,0,0,1,0,0,0,0,0,4.77
1,0,0,0,0,0,0,0,0,0,0,0,4.73
0,0,0,0,0,0,0,0,0,1,0,0,4.96
0,0,0,0,0,0,1,0,0,0,0,0,4.82
0,0,0,0,0,0,1,0,0,0,0,0,4.96
0,0,0,1,0,0,0,0,0,0,0,0,4.91
0,0,0,0,0,0,1,0,0,0,0,0,5.0
0,1,0,0,0,0,0,0,0,0,0,0,4.9
0,0,1,0,0,0,0,0,0,0,0,0,4.76
0,0,1,0,0,0,0,0,0,0,0,0,4.75
0,0,1,0,0,0,0,0,0,0,0,0,4.72
0,0,0,0,0,0,1,0,0,0,0,0,5.0
0,0,0,0,1,0,0,0,0,0,0,0,4.56
0,1,0,0,0,0,0,0,0,0,0,0,4.47
0,1,0,0,0,0,0,0,0,0,0,0,4.41
0,1,0,0,0,0,0,0,0,0,0,0,4.42
0,1,0,0,0,0,0,0,0,0,0,0,4.52
0,1,0,0,0,0,0,0,0,0,0,0,4.64
0,1,0,0,0,0,0,0,0,0,0,0,4.63
0,1,0,0,0,0,0,0,0,0,0,0,4.56
0,1,0,0,0,0,0,0,0,0,0,0,4.51
0,1,0,0,0,0,0,0,0,0,0,0,4.44
0,1,0,0,0,0,0,0,0,0,0,0,4.4
0,1,0,0,0,0,0,0,0,0,0,0,4.4
0,1,0,0,0,0,0,0,0,0,0,0,4.61
0,0,0,0,0,1,0,0,0,0,0,0,4.8
0,0,0,0,1,0,0,0,0,0,0,0,4.57
0,0,0,0,0,0,1,0,0,0,0,0,4.99
0,0,0,0,0,0,1,0,0,0,0,0,4.8
0,0,0,0,1,0,0,0,0,0,0,0,4.84
0,1,0,0,0,0,0,0,0,0,0,0,4.94
0,1,0,0,0,0,0,0,0,0,0,0,5.0
0,1,0,0,0,0,0,0,0,0,0,0,4.92
0,0,0,0,1,0,0,0,0,0,0,0,4.9
0,0,0,0,0,0,0,0,0,1,0,0,4.88
0,0,0,0,1,0,0,0,0,0,0,0,4.89
0,1,0,0,0,0,0,0,0,0,0,0,4.7
0,0,0,0,0,0,0,0,1,0,0,0,4.73
0,0,0,0,1,0,0,0,0,0,0,0,4.62
0,0,0,0,1,0,0,0,0,0,0,0,5.0
0,1,0,0,0,0,0,0,0,0,0,0,4.9
0,1,0,0,0,0,0,0,0,0,0,0,4.66
0,1,0,0,0,0,0,0,0,0,0,0,4.92
0,0,0,0,0,0,1,0,0,0,0,0,5.0
0,0,0,0,0,0,1,0,0,0,0,0,5.0
1,0,0,0,0,0,0,0,0,0,0,0,4.33
0,0,0,0,1,0,0,0,0,0,0,0,4.52
0,1,0,0,0,0,0,0,0,0,0,0,4.98
0,0,0,0,0,0,0,0,0,1,0,0,4.64
0,1,0,0,0,0,0,0,0,0,0,0,4.18
0,1,0,0,0,0,0,0,0,0,0,0,4.29
0,1,0,0,0,0,0,0,0,0,0,0,4.9
0,0,0,0,1,0,0,0,0,0,0,0,4.86
0,1,0,0,0,0,0,0,0,0,0,0,4.59
0,0,0,0,1,0,0,0,0,0,0,0,4.55
0,0,0,0,0,0,1,0,0,0,0,0,5.0
0,0,0,0,0,0,0,0,0,1,0,0,4.96
0,0,0,0,0,0,0,0,0,0,1,0,4.85
0,1,0,0,0,0,0,0,0,0,0,0,4.42
0,0,0,0,0,0,0,0,0,0,1,0,4.98
0,0,0,0,0,0,1,0,0,0,0,0,4.9
0,0,0,0,0,0,0,0,0,0,1,0,4.42
0,0,0,0,0,0,0,0,0,0,1,0,4.54
0,0,0,0,0,0,0,0,0,0,1,0,4.39
0,0,0,0,0,0,0,0,0,0,1,0,4.46
0,0,0,0,0,0,0,0,0,0,1,0,4.35
0,0,0,0,0,0,0,0,0,0,1,0,4.56
0,0,0,0,0,0,1,0,0,0,0,0,4.82
0,0,0,0,0,0,0,0,0,0,0,1,4.8
0,1,0,0,0,0,0,0,0,0,0,0,4.96
0,0,0,0,1,0,0,0,0,0,0,0,4.59
1,0,0,0,0,0,0,0,0,0,0,0,4.94
0,0,1,0,0,0,0,0,0,0,0,0,4.7
0,0,0,0,1,0,0,0,0,0,0,0,4.81
0,0,0,0,0,1,0,0,0,0,0,0,4.88
1,0,0,0,0,0,0,0,0,0,0,0,5.0
0,0,0,0,1,0,0,0,0,0,0,0,4.96
1,0,0,0,0,0,0,0,0,0,0,0,4.93
1,0,0,0,0,0,0,0,0,0,0,0,4.78
1,0,0,0,0,0,0,0,0,0,0,0,4.97
0,0,0,0,0,1,0,0,0,0,0,0,4.97
0,0,0,0,1,0,0,0,0,0,0,0,4.88
0,1,0,0,0,0,0,0,0,0,0,0,4.76
0,1,0,0,0,0,0,0,0,0,0,0,4.84
0,0,0,0,1,0,0,0,0,0,0,0,4.92
1,0,0,0,0,0,0,0,0,0,0,0,4.0
0,1,0,0,0,0,0,0,0,0,0,0,5.0
0,1,0,0,0,0,0,0,0,0,0,0,4.75
0,0,1,0,0,0,0,0,0,0,0,0,4.0
1,0,0,0,0,0,0,0,0,0,0,0,4.92
0,0,0,0,0,0,1,0,0,0,0,0,5.0
0,1,0,0,0,0,0,0,0,0,0,0,4.74
0,1,0,0,0,0,0,0,0,0,0,0,4.69
1,0,0,0,0,0,0,0,0,0,0,0,5.0
0,0,0,0,0,0,1,0,0,0,0,0,4.59
0,0,1,0,0,0,0,0,0,0,0,0,4.62
0,0,0,0,1,0,0,0,0,0,0,0,4.98
0,0,1,0,0,0,0,0,0,0,0,0,4.67
1,0,0,0,0,0,0,0,0,0,0,0,4.96
1,0,0,0,0,0,0,0,0,0,0,0,4.75
1,0,0,0,0,0,0,0,0,0,0,0,4.64
0,0,0,0,0,0,0,0,0,0,0,1,4.88
0,0,0,0,1,0,0,0,0,0,0,0,4.85
0,1,0,0,0,0,0,0,0,0,0,0,4.74
0,1,0,0,0,0,0,0,0,0,0,0,4.71
0,1,0,0,0,0,0,0,0,0,0,0,4.61
0,0,0,0,1,0,0,0,0,0,0,0,4.5
0,0,0,0,0,0,1,0,0,0,0,0,4.98
0,0,0,0,1,0,0,0,0,0,0,0,4.85
0,0,0,0,1,0,0,0,0,0,0,0,4.8
0,0,0,0,1,0,0,0,0,0,0,0,4.83
0,0,0,0,1,0,0,0,0,0,0,0,4.75
0,0,0,0,0,0,0,0,0,1,0,0,4.92
0,0,0,0,0,0,0,0,0,0,1,0,4.79
0,0,0,0,0,0,0,0,0,0,1,0,4.77
0,0,0,0,0,0,0,0,0,0,1,0,4.71
0,0,0,0,0,0,0,0,0,0,1,0,4.93
0,0,0,0,0,0,0,0,0,0,1,0,4.65
0,0,0,0,0,0,0,0,0,0,1,0,4.73
0,0,0,0,0,0,0,0,0,0,1,0,4.8
0,0,0,0,1,0,0,0,0,0,0,0,4.7
0,0,0,0,1,0,0,0,0,0,0,0,5.0
0,0,0,0,1,0,0,0,0,0,0,0,4.74
0,0,0,0,1,0,0,0,0,0,0,0,4.8
0,0,0,0,1,0,0,0,0,0,0,0,4.77
0,0,0,0,0,0,0,0,0,0,1,0,4.74
0,0,0,0,0,0,0,0,0,0,1,0,4.85
0,0,0,0,0,0,0,0,0,0,1,0,4.74
0,0,0,0,0,0,0,0,0,0,1,0,4.84
0,0,0,0,0,0,0,0,0,0,1,0,5.0
0,0,0,0,0,0,1,0,0,0,0,0,4.91
0,0,1,0,0,0,0,0,0,0,0,0,3.0
0,0,0,0,0,0,1,0,0,0,0,0,5.0
0,0,0,0,1,0,0,0,0,0,0,0,4.0
0,0,0,0,1,0,0,0,0,0,0,0,4.92
0,0,0,0,0,0,0,0,0,1,0,0,4.91
0,0,0,0,0,0,0,0,0,0,1,0,4.41
1,0,0,0,0,0,0,0,0,0,0,0,4.83
0,1,0,0,0,0,0,0,0,0,0,0,4.93
0,0,0,0,0,0,1,0,0,0,0,0,4.43
0,0,0,0,0,0,1,0,0,0,0,0,4.58
0,0,0,0,0,1,0,0,0,0,0,0,4.91
0,0,0,0,0,0,0,0,0,0,1,0,4.85
0,0,0,0,0,0,1,0,0,0,0,0,4.95
0,0,0,0,1,0,0,0,0,0,0,0,4.46
0,0,0,0,0,0,1,0,0,0,0,0,4.9
0,0,0,0,0,1,0,0,0,0,0,0,4.84
0,0,0,0,1,0,0,0,0,0,0,0,4.9
0,0,0,0,1,0,0,0,0,0,0,0,4.95
0,0,0,0,1,0,0,0,0,0,0,0,5.0
0,0,0,0,1,0,0,0,0,0,0,0,4.69
1,0,0,0,0,0,0,0,0,0,0,0,4.86
0,1,0,0,0,0,0,0,0,0,0,0,4.0
0,0,0,0,0,0,0,0,0,1,0,0,4.86
0,1,0,0,0,0,0,0,0,0,0,0,4.98
0,0,0,0,0,1,0,0,0,0,0,0,4.86
0,0,0,0,1,0,0,0,0,0,0,0,4.93
0,0,0,0,0,0,0,0,0,0,1,0,4.96
0,0,0,0,1,0,0,0,0,0,0,0,5.0
0,0,0,0,0,0,0,0,0,0,1,0,4.54
0,0,0,0,0,0,1,0,0,0,0,0,4.88
1,0,0,0,0,0,0,0,0,0,0,0,4.91
0,0,0,0,0,0,1,0,0,0,0,0,4.82
0,0,0,0,1,0,0,0,0,0,0,0,4.63
0,0,0,0,0,0,1,0,0,0,0,0,4.86
1,0,0,0,0,0,0,0,0,0,0,0,4.8
0,0,0,0,1,0,0,0,0,0,0,0,4.72
0,0,0,0,1,0,0,0,0,0,0,0,5.0
0,0,0,0,0,1,0,0,0,0,0,0,4.93
1,0,0,0,0,0,0,0,0,0,0,0,4.8
1,0,0,0,0,0,0,0,0,0,0,0,4.82
0,1,0,0,0,0,0,0,0,0,0,0,5.0
0,0,0,0,1,0,0,0,0,0,0,0,4.69
0,0,0,0,1,0,0,0,0,0,0,0,4.67
0,1,0,0,0,0,0,0,0,0,0,0,4.68
0,0,0,0,1,0,0,0,0,0,0,0,4.72
0,0,0,1,0,0,0,0,0,0,0,0,4.3
0,0,0,0,0,1,0,0,0,0,0,0,4.92
0,0,0,0,0,0,0,0,0,1,0,0,4.89
0,1,0,0,0,0,0,0,0,0,0,0,4.88
0,0,0,0,0,1,0,0,0,0,0,0,4.71
0,1,0,0,0,0,0,0,0,0,0,0,5.0
0,0,0,0,1,0,0,0,0,0,0,0,4.7
0,0,0,0,1,0,0,0,0,0,0,0,4.75
0,0,0,0,0,1,0,0,0,0,0,0,4.74
0,1,0,0,0,0,0,0,0,0,0,0,4.71
0,1,0,0,0,0,0,0,0,0,0,0,4.73
0,0,0,0,1,0,0,0,0,0,0,0,4.78
0,0,0,0,1,0,0,0,0,0,0,0,4.9
0,0,0,1,0,0,0,0,0,0,0,0,4.7
0,1,0,0,0,0,0,0,0,0,0,0,4.57
0,1,0,0,0,0,0,0,0,0,0,0,4.65
0,0,0,0,0,0,0,0,0,0,1,0,4.8
0,0,0,0,0,0,0,0,0,0,0,1,4.71
0,0,0,0,1,0,0,0,0,0,0,0,4.68
0,1,0,0,0,0,0,0,0,0,0,0,4.54
0,0,0,0,0,0,1,0,0,0,0,0,4.85
0,0,0,0,0,1,0,0,0,0,0,0,4.84
0,1,0,0,0,0,0,0,0,0,0,0,4.43
0,1,0,0,0,0,0,0,0,0,0,0,3.25
0,1,0,0,0,0,0,0,0,0,0,0,3.75
0,1,0,0,0,0,0,0,0,0,0,0,4.67
0,0,0,0,1,0,0,0,0,0,0,0,5.0
1,0,0,0,0,0,0,0,0,0,0,0,4.86
0,0,0,0,0,0,0,0,0,0,1,0,4.91
0,0,0,0,1,0,0,0,0,0,0,0,4.96
0,0,0,0,0,0,0,0,0,0,0,1,5.0
0,0,0,0,1,0,0,0,0,0,0,0,4.75
0,0,0,0,0,1,0,0,0,0,0,0,4.9
0,0,0,0,1,0,0,0,0,0,0,0,4.77
0,0,0,0,0,1,0,0,0,0,0,0,4.75
0,0,0,0,1,0,0,0,0,0,0,0,4.74
0,0,0,0,1,0,0,0,0,0,0,0,4.89
0,1,0,0,0,0,0,0,0,0,0,0,4.86
0,0,0,0,0,0,1,0,0,0,0,0,4.95
0,0,0,0,0,0,0,0,0,0,1,0,4.6
0,1,0,0,0,0,0,0,0,0,0,0,5.0
0,0,0,0,0,0,1,0,0,0,0,0,4.72
0,0,0,0,1,0,0,0,0,0,0,0,4.72
0,0,0,0,1,0,0,0,0,0,0,0,4.67
0,0,0,0,0,0,1,0,0,0,0,0,5.0
0,0,0,0,0,0,1,0,0,0,0,0,4.6
0,1,0,0,0,0,0,0,0,0,0,0,5.0
0,1,0,0,0,0,0,0,0,0,0,0,4.97
0,0,0,0,0,0,1,0,0,0,0,0,4.68
0,0,0,0,1,0,0,0,0,0,0,0,4.71
0,0,0,0,0,0,1,0,0,0,0,0,4.67
0,0,0,0,0,0,1,0,0,0,0,0,5.0
0,0,0,0,0,0,1,0,0,0,0,0,5.0
0,0,0,0,0,0,1,0,0,0,0,0,4.91
0,0,0,0,0,0,1,0,0,0,0,0,4.73
0,0,0,0,0,0,1,0,0,0,0,0,4.78
0,0,0,0,0,0,1,0,0,0,0,0,4.67
0,0,0,0,0,0,1,0,0,0,0,0,5.0
0,1,0,0,0,0,0,0,0,0,0,0,4.92
0,1,0,0,0,0,0,0,0,0,0,0,4.98
0,0,0,0,1,0,0,0,0,0,0,0,5.0
0,0,0,0,0,0,1,0,0,0,0,0,4.94
0,0,0,0,0,0,0,1,0,0,0,0,4.85
0,0,0,0,1,0,0,0,0,0,0,0,4.84
0,0,0,0,1,0,0,0,0,0,0,0,4.63
0,0,0,0,1,0,0,0,0,0,0,0,4.82
0,0,0,0,0,0,1,0,0,0,0,0,4.84
0,0,0,0,1,0,0,0,0,0,0,0,4.79
0,1,0,0,0,0,0,0,0,0,0,0,4.76
0,0,0,0,0,0,0,0,0,1,0,0,4.64
0,0,0,0,0,0,1,0,0,0,0,0,4.78
0,0,0,0,0,0,0,0,0,0,1,0,5.0
0,0,0,0,1,0,0,0,0,0,0,0,4.65
0,1,0,0,0,0,0,0,0,0,0,0,4.03
0,1,0,0,0,0,0,0,0,0,0,0,4.34
0,1,0,0,0,0,0,0,0,0,0,0,4.51
0,1,0,0,0,0,0,0,0,0,0,0,4.47
0,0,0,0,0,1,0,0,0,0,0,0,4.78
0,0,0,0,0,0,1,0,0,0,0,0,4.86
0,1,0,0,0,0,0,0,0,0,0,0,4.71
0,0,1,0,0,0,0,0,0,0,0,0,4.7
0,0,1,0,0,0,0,0,0,0,0,0,4.53
0,0,0,0,0,1,0,0,0,0,0,0,4.15
0,0,0,0,0,0,1,0,0,0,0,0,4.69
0,0,0,0,1,0,0,0,0,0,0,0,4.88
0,0,0,0,1,0,0,0,0,0,0,0,4.62
0,0,0,0,0,0,0,0,0,0,0,1,4.93
1,0,0,0,0,0,0,0,0,0,0,0,4.67
1,0,0,0,0,0,0,0,0,0,0,0,4.93
1,0,0,0,0,0,0,0,0,0,0,0,4.76
0,1,0,0,0,0,0,0,0,0,0,0,4.87
0,0,0,0,0,1,0,0,0,0,0,0,4.81
0,0,0,0,0,0,1,0,0,0,0,0,4.76
0,0,0,0,0,1,0,0,0,0,0,0,4.24
0,0,0,0,0,0,1,0,0,0,0,0,4.8
0,1,0,0,0,0,0,0,0,0,0,0,4.82
0,0,0,0,0,1,0,0,0,0,0,0,4.62
0,1,0,0,0,0,0,0,0,0,0,0,4.85
0,0,0,0,0,0,1,0,0,0,0,0,4.69
0,0,0,0,1,0,0,0,0,0,0,0,4.95
0,0,0,0,0,0,1,0,0,0,0,0,4.8
0,0,0,0,1,0,0,0,0,0,0,0,5.0
0,0,0,0,0,0,1,0,0,0,0,0,4.94
0,0,0,0,0,0,1,0,0,0,0,0,4.65
1,0,0,0,0,0,0,0,0,0,0,0,4.81
0,0,0,0,0,1,0,0,0,0,0,0,5.0
0,0,0,0,0,0,0,0,0,0,1,0,4.76
0,0,0,0,0,0,1,0,0,0,0,0,4.83
0,0,0,0,0,0,1,0,0,0,0,0,4.85
0,0,1,0,0,0,0,0,0,0,0,0,4.92
0,0,0,0,0,0,1,0,0,0,0,0,4.96
1,0,0,0,0,0,0,0,0,0,0,0,4.5
1,0,0,0,0,0,0,0,0,0,0,0,4.63
0,0,0,0,0,0,1,0,0,0,0,0,4.82
0,0,0,0,1,0,0,0,0,0,0,0,4.63
0,0,0,0,1,0,0,0,0,0,0,0,4.69
0,0,0,1,0,0,0,0,0,0,0,0,4.93
0,0,0,0,0,0,0,1,0,0,0,0,4.96
0,0,0,0,0,0,0,0,0,1,0,0,4.98
0,0,0,0,1,0,0,0,0,0,0,0,4.92
0,0,0,0,0,1,0,0,0,0,0,0,4.76
0,1,0,0,0,0,0,0,0,0,0,0,4.85
1,0,0,0,0,0,0,0,0,0,0,0,4.83
0,1,0,0,0,0,0,0,0,0,0,0,4.92
0,0,0,0,0,1,0,0,0,0,0,0,4.9
0,1,0,0,0,0,0,0,0,0,0,0,4.71
0,0,0,0,0,0,0,0,0,0,0,1,5.0
0,1,0,0,0,0,0,0,0,0,0,0,4.87
0,0,0,0,0,0,0,0,0,1,0,0,4.82
0,0,0,0,0,0,0,0,1,0,0,0,4.6
1,0,0,0,0,0,0,0,0,0,0,0,4.89
0,0,0,0,0,0,1,0,0,0,0,0,4.86
1,0,0,0,0,0,0,0,0,0,0,0,4.61
0,0,0,0,1,0,0,0,0,0,0,0,4.97
0,1,0,0,0,0,0,0,0,0,0,0,4.71
0,0,0,0,0,0,1,0,0,0,0,0,4.88
0,0,0,0,0,0,0,0,0,0,1,0,4.36
0,1,0,0,0,0,0,0,0,0,0,0,4.95
0,1,0,0,0,0,0,0,0,0,0,0,4.82
0,0,0,0,0,0,0,1,0,0,0,0,4.91
0,1,0,0,0,0,0,0,0,0,0,0,4.61
0,0,0,0,0,0,1,0,0,0,0,0,4.97
0,0,0,0,0,0,0,0,0,0,1,0,4.05
0,0,0,0,1,0,0,0,0,0,0,0,4.96
0,1,0,0,0,0,0,0,0,0,0,0,4.52
0,0,0,0,1,0,0,0,0,0,0,0,4.92
0,0,0,0,0,0,0,0,0,0,1,0,4.94
0,0,0,0,0,0,1,0,0,0,0,0,4.79
0,0,0,0,0,1,0,0,0,0,0,0,4.9
0,0,0,0,0,0,1,0,0,0,0,0,4.69
0,1,0,0,0,0,0,0,0,0,0,0,4.76
0,0,0,0,0,1,0,0,0,0,0,0,4.92
0,0,0,0,0,0,1,0,0,0,0,0,5.0
0,1,0,0,0,0,0,0,0,0,0,0,4.92
0,1,0,0,0,0,0,0,0,0,0,0,4.78
0,1,0,0,0,0,0,0,0,0,0,0,4.75
0,0,0,0,0,0,0,1,0,0,0,0,4.74
0,0,0,0,1,0,0,0,0,0,0,0,4.85
0,0,0,0,0,0,1,0,0,0,0,0,4.9
0,0,0,0,0,0,0,1,0,0,0,0,4.82
0,0,0,0,1,0,0,0,0,0,0,0,4.92
0,0,0,0,0,0,1,0,0,0,0,0,4.87
1,0,0,0,0,0,0,0,0,0,0,0,4.96
0,0,0,0,0,0,1,0,0,0,0,0,4.71
0,1,0,0,0,0,0,0,0,0,0,0,4.99
0,0,0,0,0,0,0,0,0,0,1,0,4.38
0,0,0,0,0,0,0,0,0,0,1,0,4.16
0,0,0,0,0,0,0,0,0,0,1,0,4.43
0,0,0,0,0,0,0,0,0,1,0,0,4.29
0,0,0,0,0,0,0,0,0,1,0,0,4.63
0,0,0,0,1,0,0,0,0,0,0,0,4.59
0,0,0,0,0,0,0,0,0,0,0,1,4.77
0,1,0,0,0,0,0,0,0,0,0,0,5.0
0,1,0,0,0,0,0,0,0,0,0,0,4.86
0,1,0,0,0,0,0,0,0,0,0,0,4.74
1,0,0,0,0,0,0,0,0,0,0,0,4.23
0,1,0,0,0,0,0,0,0,0,0,0,4.99
1,0,0,0,0,0,0,0,0,0,0,0,4.58
0,1,0,0,0,0,0,0,0,0,0,0,5.0
0,1,0,0,0,0,0,0,0,0,0,0,4.83
0,0,0,0,0,1,0,0,0,0,0,0,4.96
0,0,0,0,0,0,0,1,0,0,0,0,4.89
0,1,0,0,0,0,0,0,0,0,0,0,5.0
1,0,0,0,0,0,0,0,0,0,0,0,4.56
0,1,0,0,0,0,0,0,0,0,0,0,4.91
0,0,0,0,0,1,0,0,0,0,0,0,5.0
0,0,0,0,0,0,0,0,0,0,0,1,4.81
0,0,0,0,1,0,0,0,0,0,0,0,4.8
0,1,0,0,0,0,0,0,0,0,0,0,4.75
1,0,0,0,0,0,0,0,0,0,0,0,4.56
0,0,0,0,0,0,0,0,0,0,0,1,5.0
0,1,0,0,0,0,0,0,0,0,0,0,4.96
0,1,0,0,0,0,0,0,0,0,0,0,4.27
0,0,0,0,1,0,0,0,0,0,0,0,4.89
0,0,0,0,0,0,0,0,0,0,1,0,5.0
0,0,0,0,1,0,0,0,0,0,0,0,4.94
0,1,0,0,0,0,0,0,0,0,0,0,4.88
0,1,0,0,0,0,0,0,0,0,0,0,4.78
0,1,0,0,0,0,0,0,0,0,0,0,4.95
1,0,0,0,0,0,0,0,0,0,0,0,4.58
0,0,0,0,0,0,0,0,0,0,0,1,5.0
0,0,0,0,1,0,0,0,0,0,0,0,5.0
0,0,0,0,0,0,0,1,0,0,0,0,5.0
0,0,0,0,0,0,1,0,0,0,0,0,4.75
0,1,0,0,0,0,0,0,0,0,0,0,4.63
0,0,0,0,0,1,0,0,0,0,0,0,5.0
0,0,0,0,0,1,0,0,0,0,0,0,5.0
0,0,0,0,0,0,0,0,0,0,1,0,4.82
1,0,0,0,0,0,0,0,0,0,0,0,5.0
0,0,0,0,0,0,1,0,0,0,0,0,4.94
0,1,0,0,0,0,0,0,0,0,0,0,4.59
0,0,0,0,0,0,1,0,0,0,0,0,4.55
0,0,0,0,0,0,0,0,0,0,0,1,4.88
0,0,0,0,0,1,0,0,0,0,0,0,4.3
0,0,0,0,0,0,1,0,0,0,0,0,4.98
0,0,0,0,1,0,0,0,0,0,0,0,4.0
0,0,0,0,0,1,0,0,0,0,0,0,4.85
0,0,0,0,1,0,0,0,0,0,0,0,4.95
0,0,0,0,0,0,0,0,0,0,1,0,5.0
0,0,0,0,1,0,0,0,0,0,0,0,4.63
0,0,0,0,0,1,0,0,0,0,0,0,4.63
0,0,0,1,0,0,0,0,0,0,0,0,4.92
0,0,0,0,0,0,1,0,0,0,0,0,4.88
0,0,0,0,0,0,1,0,0,0,0,0,4.85
1,0,0,0,0,0,0,0,0,0,0,0,4.71
0,1,0,0,0,0,0,0,0,0,0,0,4.84
0,0,0,0,1,0,0,0,0,0,0,0,5.0
0,0,0,0,1,0,0,0,0,0,0,0,4.9
0,0,0,0,0,0,1,0,0,0,0,0,4.89
0,0,0,0,0,0,1,0,0,0,0,0,4.88
0,0,0,0,0,0,0,1,0,0,0,0,4.85
0,1,0,0,0,0,0,0,0,0,0,0,4.83
0,1,0,0,0,0,0,0,0,0,0,0,5.0
0,0,0,0,0,0,1,0,0,0,0,0,4.81
0,0,0,0,0,0,0,1,0,0,0,0,4.83
0,0,0,0,0,1,0,0,0,0,0,0,4.89
0,1,0,0,0,0,0,0,0,0,0,0,4.93
0,0,0,0,1,0,0,0,0,0,0,0,4.64
0,1,0,0,0,0,0,0,0,0,0,0,4.91
0,0,0,0,1,0,0,0,0,0,0,0,4.47
0,0,0,0,1,0,0,0,0,0,0,0,4.93
0,0,0,0,1,0,0,0,0,0,0,0,4.79
0,0,0,0,0,0,1,0,0,0,0,0,4.8
0,0,1,0,0,0,0,0,0,0,0,0,4.89
0,1,0,0,0,0,0,0,0,0,0,0,4.89
0,0,0,0,1,0,0,0,0,0,0,0,4.61
0,0,0,0,1,0,0,0,0,0,0,0,4.54
0,0,0,0,0,0,0,0,1,0,0,0,4.86
0,0,0,0,0,0,1,0,0,0,0,0,4.78
0,1,0,0,0,0,0,0,0,0,0,0,4.9
0,0,0,0,0,0,1,0,0,0,0,0,4.89
1,0,0,0,0,0,0,0,0,0,0,0,4.82
0,0,0,0,0,0,1,0,0,0,0,0,4.8
0,0,0,0,0,1,0,0,0,0,0,0,4.91
0,0,0,0,0,0,1,0,0,0,0,0,5.0
0,1,0,0,0,0,0,0,0,0,0,0,5.0
0,0,0,0,0,1,0,0,0,0,0,0,4.46
0,0,0,0,0,0,0,0,0,0,1,0,4.73
0,0,0,0,0,0,1,0,0,0,0,0,4.78
0,0,0,0,1,0,0,0,0,0,0,0,4.88
0,0,0,0,0,0,0,0,1,0,0,0,4.73
0,1,0,0,0,0,0,0,0,0,0,0,4.83
0,0,0,0,0,0,0,0,0,0,0,1,5.0
0,0,0,0,0,0,0,0,1,0,0,0,4.87
0,1,0,0,0,0,0,0,0,0,0,0,4.77
0,0,0,0,0,0,0,0,0,0,1,0,4.93
0,0,0,0,0,0,0,0,0,0,0,1,4.55
0,1,0,0,0,0,0,0,0,0,0,0,4.87
0,0,0,0,1,0,0,0,0,0,0,0,5.0
0,0,0,0,1,0,0,0,0,0,0,0,4.77
1,0,0,0,0,0,0,0,0,0,0,0,4.28
0,0,0,0,1,0,0,0,0,0,0,0,4.78
0,0,0,0,0,0,0,0,0,1,0,0,4.87
1,0,0,0,0,0,0,0,0,0,0,0,3.67
0,1,0,0,0,0,0,0,0,0,0,0,4.69
0,0,0,0,1,0,0,0,0,0,0,0,4.95
1,0,0,0,0,0,0,0,0,0,0,0,4.94
0,0,0,0,0,0,0,0,0,1,0,0,4.85
0,0,0,0,1,0,0,0,0,0,0,0,5.0
0,0,0,0,0,0,1,0,0,0,0,0,4.88
0,0,0,0,0,0,0,1,0,0,0,0,4.92
0,0,0,0,0,0,0,0,0,1,0,0,4.77
0,1,0,0,0,0,0,0,0,0,0,0,4.6
0,0,0,0,0,0,1,0,0,0,0,0,4.79
0,0,0,0,0,0,1,0,0,0,0,0,5.0
1,0,0,0,0,0,0,0,0,0,0,0,4.93
0,0,0,0,0,0,0,0,1,0,0,0,4.71
0,0,0,0,0,0,0,0,0,0,0,1,4.83
0,0,0,0,1,0,0,0,0,0,0,0,4.62
0,0,0,0,0,1,0,0,0,0,0,0,4.89
0,0,0,0,0,0,0,0,0,0,1,0,4.2
0,1,0,0,0,0,0,0,0,0,0,0,5.0
0,0,0,0,0,1,0,0,0,0,0,0,4.75
0,0,0,0,0,0,0,0,0,0,0,1,4.74
0,0,0,0,0,0,1,0,0,0,0,0,4.92
0,0,1,0,0,0,0,0,0,0,0,0,4.8
0,0,1,0,0,0,0,0,0,0,0,0,4.77
0,0,0,0,0,0,0,0,0,0,1,0,4.33
0,0,0,0,0,0,0,0,0,0,0,1,4.76
0,0,0,0,0,0,1,0,0,0,0,0,4.76
0,0,0,0,0,0,1,0,0,0,0,0,4.86
0,0,0,0,0,0,0,0,0,0,1,0,4.67
0,0,0,0,0,1,0,0,0,0,0,0,5.0
0,0,0,0,0,0,0,0,0,0,0,1,5.0
0,0,0,0,0,0,1,0,0,0,0,0,4.77
0,0,0,0,0,0,1,0,0,0,0,0,4.99
0,0,0,0,0,0,0,0,0,0,1,0,4.97
0,1,0,0,0,0,0,0,0,0,0,0,4.92
0,0,0,0,1,0,0,0,0,0,0,0,3.56
0,0,0,0,1,0,0,0,0,0,0,0,3.82
0,0,0,0,0,1,0,0,0,0,0,0,4.98
0,0,0,0,0,0,0,0,0,0,1,0,4.95
0,0,0,1,0,0,0,0,0,0,0,0,4.64
0,0,0,0,0,0,0,0,0,0,1,0,4.67
0,0,0,0,1,0,0,0,0,0,0,0,4.83
0,1,0,0,0,0,0,0,0,0,0,0,5.0
0,0,0,0,0,0,1,0,0,0,0,0,5.0
0,0,0,0,0,0,1,0,0,0,0,0,4.83
0,0,0,0,0,0,0,0,0,0,0,1,4.79
0,0,0,0,0,0,1,0,0,0,0,0,5.0
0,0,0,0,1,0,0,0,0,0,0,0,4.33
0,0,0,0,1,0,0,0,0,0,0,0,4.59
0,0,0,0,1,0,0,0,0,0,0,0,4.56
0,0,0,0,1,0,0,0,0,0,0,0,4.53
0,0,0,0,0,0,0,1,0,0,0,0,4.91
0,0,0,0,0,0,1,0,0,0,0,0,4.73
0,0,0,0,0,0,0,0,0,0,1,0,4.33
0,0,0,0,0,0,0,0,0,0,1,0,4.75
0,0,0,0,0,0,0,0,0,0,1,0,4.67
0,0,0,0,0,0,0,0,0,0,1,0,4.33
0,0,0,0,0,0,1,0,0,0,0,0,4.82
0,0,0,0,1,0,0,0,0,0,0,0,4.9
0,0,0,0,0,0,0,0,0,1,0,0,4.68
0,0,0,0,0,1,0,0,0,0,0,0,4.97
0,0,0,0,0,0,1,0,0,0,0,0,5.0
0,0,0,0,0,0,1,0,0,0,0,0,4.73
0,0,0,0,0,0,1,0,0,0,0,0,4.71
0,0,0,0,0,0,1,0,0,0,0,0,4.75
0,0,1,0,0,0,0,0,0,0,0,0,4.88
0,0,0,0,0,1,0,0,0,0,0,0,4.84
0,0,0,0,1,0,0,0,0,0,0,0,5.0
0,1,0,0,0,0,0,0,0,0,0,0,4.19
0,1,0,0,0,0,0,0,0,0,0,0,4.13
0,1,0,0,0,0,0,0,0,0,0,0,4.41
0,1,0,0,0,0,0,0,0,0,0,0,4.42
0,0,0,0,1,0,0,0,0,0,0,0,4.29
0,0,0,0,1,0,0,0,0,0,0,0,4.37
0,0,0,0,1,0,0,0,0,0,0,0,4.25
0,1,0,0,0,0,0,0,0,0,0,0,4.81
0,0,1,0,0,0,0,0,0,0,0,0,4.93
0,0,0,0,0,1,0,0,0,0,0,0,4.72
0,0,0,0,1,0,0,0,0,0,0,0,4.33
0,0,0,0,1,0,0,0,0,0,0,0,4.28
0,0,0,0,1,0,0,0,0,0,0,0,4.3
0,0,0,0,0,0,0,0,0,1,0,0,4.85
0,0,0,0,1,0,0,0,0,0,0,0,4.63
0,0,0,0,1,0,0,0,0,0,0,0,4.62
0,0,0,0,1,0,0,0,0,0,0,0,4.65
0,0,0,0,0,0,0,0,0,0,1,0,4.88
0,0,0,0,0,0,0,0,0,0,1,0,4.93
0,0,0,0,0,0,1,0,0,0,0,0,4.93
0,0,0,0,1,0,0,0,0,0,0,0,4.8
0,0,0,0,0,0,1,0,0,0,0,0,4.73
0,0,1,0,0,0,0,0,0,0,0,0,4.85
0,0,0,0,1,0,0,0,0,0,0,0,4.71
0,0,0,0,1,0,0,0,0,0,0,0,4.73
0,0,0,0,1,0,0,0,0,0,0,0,4.9
0,1,0,0,0,0,0,0,0,0,0,0,5.0
0,0,0,0,1,0,0,0,0,0,0,0,4.82
0,0,0,0,0,0,0,0,0,0,0,1,4.54
0,0,0,0,0,0,1,0,0,0,0,0,4.73
0,1,0,0,0,0,0,0,0,0,0,0,4.8
0,1,0,0,0,0,0,0,0,0,0,0,4.87
0,0,0,0,1,0,0,0,0,0,0,0,4.59
0,0,0,0,0,0,0,0,0,1,0,0,4.9
0,0,0,0,0,0,1,0,0,0,0,0,4.83
0,0,0,0,0,0,0,0,0,1,0,0,4.9
0,0,0,0,0,1,0,0,0,0,0,0,5.0
0,0,0,0,0,0,0,0,0,0,1,0,4.81
0,1,0,0,0,0,0,0,0,0,0,0,4.64
0,0,0,0,0,0,1,0,0,0,0,0,4.33
0,0,0,0,0,0,0,0,0,0,1,0,4.57
0,0,0,0,1,0,0,0,0,0,0,0,4.76
0,0,0,0,0,0,1,0,0,0,0,0,4.39
0,1,0,0,0,0,0,0,0,0,0,0,4.83
0,0,0,0,0,0,0,0,0,0,0,1,4.96
0,0,0,0,0,0,1,0,0,0,0,0,4.5
0,1,0,0,0,0,0,0,0,0,0,0,4.9
0,0,0,0,1,0,0,0,0,0,0,0,4.94
0,0,0,0,0,1,0,0,0,0,0,0,4.8
1,0,0,0,0,0,0,0,0,0,0,0,4.62
0,0,0,0,0,0,0,0,0,0,0,1,4.54
0,1,0,0,0,0,0,0,0,0,0,0,4.92
0,0,0,0,0,0,0,0,0,0,1,0,4.85
1,0,0,0,0,0,0,0,0,0,0,0,4.6
1,0,0,0,0,0,0,0,0,0,0,0,4.63
0,1,0,0,0,0,0,0,0,0,0,0,4.89
0,0,0,0,0,0,1,0,0,0,0,0,5.0
0,0,0,0,1,0,0,0,0,0,0,0,4.68
0,1,0,0,0,0,0,0,0,0,0,0,4.82
0,0,0,0,0,0,1,0,0,0,0,0,4.96
0,1,0,0,0,0,0,0,0,0,0,0,4.96
0,0,0,0,1,0,0,0,0,0,0,0,4.8
0,0,0,0,0,0,0,0,0,0,0,1,4.84
0,0,0,0,0,0,0,1,0,0,0,0,4.9
0,0,0,0,0,0,1,0,0,0,0,0,4.2
0,0,0,0,0,0,1,0,0,0,0,0,4.33
0,0,0,0,0,0,0,0,0,0,0,1,4.82
0,0,0,0,0,0,1,0,0,0,0,0,4.52
0,0,0,0,0,0,0,0,0,0,1,0,4.84
0,0,0,0,0,0,1,0,0,0,0,0,4.91
0,0,0,0,1,0,0,0,0,0,0,0,4.86
0,0,0,0,1,0,0,0,0,0,0,0,4.86
0,0,0,0,0,0,1,0,0,0,0,0,4.33
0,0,0,0,1,0,0,0,0,0,0,0,4.73
0,0,0,0,0,0,0,1,0,0,0,0,4.88
1,0,0,0,0,0,0,0,0,0,0,0,4.77
0,1,0,0,0,0,0,0,0,0,0,0,4.81
0,0,0,0,0,0,0,0,0,0,1,0,4.93
0,1,0,0,0,0,0,0,0,0,0,0,4.86
0,0,0,0,1,0,0,0,0,0,0,0,4.75
0,0,0,0,1,0,0,0,0,0,0,0,4.78
0,0,0,0,1,0,0,0,0,0,0,0,4.92
0,0,0,0,0,0,0,0,0,0,1,0,4.36
0,0,0,0,0,1,0,0,0,0,0,0,4.8
0,0,0,0,0,0,1,0,0,0,0,0,4.8
0,1,0,0,0,0,0,0,0,0,0,0,4.76
0,0,0,0,0,0,1,0,0,0,0,0,4.38
0,0,0,0,0,0,1,0,0,0,0,0,4.75
0,0,0,0,0,0,1,0,0,0,0,0,5.0
0,1,0,0,0,0,0,0,0,0,0,0,5.0
0,0,0,0,1,0,0,0,0,0,0,0,4.73
0,0,0,0,0,0,0,0,0,0,1,0,4.78
0,0,0,0,0,0,0,0,0,0,0,1,4.51
0,0,0,0,0,0,0,0,0,0,0,1,4.58
0,0,0,0,0,0,0,0,0,0,0,1,4.61
0,0,0,0,0,0,1,0,0,0,0,0,4.8
0,0,0,0,0,0,0,0,1,0,0,0,4.82
0,0,0,0,0,0,0,0,0,1,0,0,4.88
0,0,0,0,0,0,1,0,0,0,0,0,4.98
0,0,0,0,0,1,0,0,0,0,0,0,4.77
0,0,1,0,0,0,0,0,0,0,0,0,4.86
0,0,0,0,0,0,0,0,0,0,0,1,4.63
0,0,0,0,0,0,0,0,0,1,0,0,4.9
0,1,0,0,0,0,0,0,0,0,0,0,5.0
1,0,0,0,0,0,0,0,0,0,0,0,4.54
0,0,0,0,0,0,1,0,0,0,0,0,4.79
0,0,0,0,0,0,1,0,0,0,0,0,4.73
0,0,0,0,0,0,0,0,0,0,1,0,4.75
1,0,0,0,0,0,0,0,0,0,0,0,4.79
1,0,0,0,0,0,0,0,0,0,0,0,4.78
1,0,0,0,0,0,0,0,0,0,0,0,5.0
0,1,0,0,0,0,0,0,0,0,0,0,4.59
0,0,0,0,0,0,0,0,0,0,1,0,4.87
0,0,0,0,0,0,1,0,0,0,0,0,4.83
0,1,0,0,0,0,0,0,0,0,0,0,4.85
0,0,0,0,0,0,1,0,0,0,0,0,4.2
0,0,0,0,0,0,0,0,0,0,1,0,4.74
0,0,0,0,0,0,1,0,0,0,0,0,4.83
0,0,0,1,0,0,0,0,0,0,0,0,4.95
0,0,0,0,0,0,1,0,0,0,0,0,4.98
0,0,0,0,0,0,1,0,0,0,0,0,4.97
0,0,0,0,1,0,0,0,0,0,0,0,4.27
0,0,0,0,0,0,0,0,0,0,0,1,4.92
0,0,0,0,0,1,0,0,0,0,0,0,4.39
0,0,0,0,0,0,1,0,0,0,0,0,5.0
0,0,0,0,0,0,0,0,0,0,0,1,4.99
0,0,0,0,0,0,0,0,0,1,0,0,4.93
0,0,0,0,0,0,1,0,0,0,0,0,4.97
0,0,0,1,0,0,0,0,0,0,0,0,4.84
0,1,0,0,0,0,0,0,0,0,0,0,4.85
0,0,0,0,1,0,0,0,0,0,0,0,4.87
0,0,0,0,1,0,0,0,0,0,0,0,4.93
0,0,0,0,0,0,1,0,0,0,0,0,4.96
0,0,0,0,0,0,1,0,0,0,0,0,4.91
0,0,0,0,0,0,1,0,0,0,0,0,4.94
0,0,0,0,0,0,1,0,0,0,0,0,4.89
1,0,0,0,0,0,0,0,0,0,0,0,4.82
0,0,0,0,0,0,0,0,0,0,1,0,4.25
0,1,0,0,0,0,0,0,0,0,0,0,4.84
0,0,0,0,0,0,0,0,0,0,0,1,4.94
0,0,0,0,0,0,1,0,0,0,0,0,4.93
0,0,0,0,0,0,1,0,0,0,0,0,4.94
0,1,0,0,0,0,0,0,0,0,0,0,4.87
0,0,0,0,0,0,0,0,0,0,1,0,4.32
0,0,0,0,0,1,0,0,0,0,0,0,4.54
0,0,0,0,0,0,1,0,0,0,0,0,5.0
0,0,0,0,0,0,0,0,0,0,1,0,4.56
0,0,0,0,0,0,1,0,0,0,0,0,4.91
0,0,0,0,0,0,1,0,0,0,0,0,4.92
0,1,0,0,0,0,0,0,0,0,0,0,4.95
0,0,0,0,0,0,1,0,0,0,0,0,4.73
0,0,0,0,0,0,1,0,0,0,0,0,4.97
0,0,0,0,0,0,0,0,0,0,1,0,4.71
0,0,0,0,0,0,1,0,0,0,0,0,4.94
0,0,0,0,0,0,0,0,0,0,1,0,4.83
0,0,0,0,1,0,0,0,0,0,0,0,4.6
0,1,0,0,0,0,0,0,0,0,0,0,4.86
0,0,0,1,0,0,0,0,0,0,0,0,4.31
1,0,0,0,0,0,0,0,0,0,0,0,4.62
0,0,0,0,0,0,1,0,0,0,0,0,4.9
0,0,0,0,0,0,1,0,0,0,0,0,4.88
0,0,0,0,0,0,0,0,0,0,1,0,4.43
0,0,0,0,0,0,0,0,0,0,1,0,4.4
0,0,0,0,0,0,1,0,0,0,0,0,4.88
0,1,0,0,0,0,0,0,0,0,0,0,4.83
0,0,0,0,1,0,0,0,0,0,0,0,4.74
0,0,0,0,0,0,0,0,0,0,1,0,4.53
0,1,0,0,0,0,0,0,0,0,0,0,4.73
0,0,0,0,0,0,1,0,0,0,0,0,4.74
0,1,0,0,0,0,0,0,0,0,0,0,4.4
0,1,0,0,0,0,0,0,0,0,0,0,4.75
1,0,0,0,0,0,0,0,0,0,0,0,4.71
0,0,0,0,1,0,0,0,0,0,0,0,4.55
0,0,0,0,0,0,1,0,0,0,0,0,4.87
0,0,0,0,0,0,1,0,0,0,0,0,4.68
0,0,0,0,0,0,1,0,0,0,0,0,4.77
0,0,0,0,0,0,1,0,0,0,0,0,4.84
0,0,0,0,0,0,1,0,0,0,0,0,4.65
0,0,0,0,0,0,0,0,0,0,0,1,4.73
0,0,0,0,1,0,0,0,0,0,0,0,4.57
0,0,0,0,0,1,0,0,0,0,0,0,4.79
0,0,0,0,0,0,1,0,0,0,0,0,4.8
0,1,0,0,0,0,0,0,0,0,0,0,4.82
0,0,0,0,0,0,0,0,0,0,0,1,4.8
0,0,0,0,0,0,1,0,0,0,0,0,4.83
0,0,0,0,0,0,1,0,0,0,0,0,4.92
0,0,0,0,0,0,0,0,0,1,0,0,4.51
0,0,0,0,0,0,1,0,0,0,0,0,4.94
0,0,0,0,0,0,1,0,0,0,0,0,4.88
0,0,0,0,0,0,0,0,0,0,0,1,4.15
0,1,0,0,0,0,0,0,0,0,0,0,4.83
1,0,0,0,0,0,0,0,0,0,0,0,4.94
1,0,0,0,0,0,0,0,0,0,0,0,4.76
0,0,0,0,1,0,0,0,0,0,0,0,4.95
0,0,0,0,0,1,0,0,0,0,0,0,4.56
0,0,0,0,0,0,0,0,0,0,0,1,4.86
0,1,0,0,0,0,0,0,0,0,0,0,4.67
0,1,0,0,0,0,0,0,0,0,0,0,5.0
0,0,0,0,0,0,1,0,0,0,0,0,4.84
0,1,0,0,0,0,0,0,0,0,0,0,5.0
0,0,0,0,0,1,0,0,0,0,0,0,4.38
0,0,0,0,0,1,0,0,0,0,0,0,4.9
0,0,0,0,0,1,0,0,0,0,0,0,4.86
0,0,0,0,1,0,0,0,0,0,0,0,4.23
0,0,1,0,0,0,0,0,0,0,0,0,5.0
0,1,0,0,0,0,0,0,0,0,0,0,4.55
0,1,0,0,0,0,0,0,0,0,0,0,4.51
0,1,0,0,0,0,0,0,0,0,0,0,4.55
0,1,0,0,0,0,0,0,0,0,0,0,4.29
0,1,0,0,0,0,0,0,0,0,0,0,4.57
0,1,0,0,0,0,0,0,0,0,0,0,4.68
0,1,0,0,0,0,0,0,0,0,0,0,4.7
0,0,1,0,0,0,0,0,0,0,0,0,4.25
0,0,0,0,1,0,0,0,0,0,0,0,4.79
0,0,0,0,1,0,0,0,0,0,0,0,4.67
0,0,0,0,1,0,0,0,0,0,0,0,4.95
0,0,0,0,0,0,0,0,0,0,1,0,4.93
0,0,0,0,0,0,1,0,0,0,0,0,4.94
0,0,0,0,1,0,0,0,0,0,0,0,4.94
0,0,0,0,0,0,1,0,0,0,0,0,4.83
0,1,0,0,0,0,0,0,0,0,0,0,5.0
0,1,0,0,0,0,0,0,0,0,0,0,4.74
0,0,0,0,1,0,0,0,0,0,0,0,5.0
0,0,0,0,0,0,1,0,0,0,0,0,4.83
0,0,0,0,0,1,0,0,0,0,0,0,4.79
0,1,0,0,0,0,0,0,0,0,0,0,4.59
0,1,0,0,0,0,0,0,0,0,0,0,4.68
0,0,0,0,0,0,1,0,0,0,0,0,4.68
1,0,0,0,0,0,0,0,0,0,0,0,4.8
0,0,0,0,0,0,0,0,1,0,0,0,4.85
0,0,0,0,1,0,0,0,0,0,0,0,5.0
0,1,0,0,0,0,0,0,0,0,0,0,4.6
0,0,0,0,0,0,0,0,1,0,0,0,4.85
1,0,0,0,0,0,0,0,0,0,0,0,4.67
1,0,0,0,0,0,0,0,0,0,0,0,4.56
0,0,0,0,0,0,0,0,1,0,0,0,4.58
0,1,0,0,0,0,0,0,0,0,0,0,4.72
0,1,0,0,0,0,0,0,0,0,0,0,4.5
0,1,0,0,0,0,0,0,0,0,0,0,4.62
0,1,0,0,0,0,0,0,0,0,0,0,4.51
0,0,0,0,0,1,0,0,0,0,0,0,4.54
0,0,0,0,0,0,1,0,0,0,0,0,4.56
0,0,0,0,0,1,0,0,0,0,0,0,4.47
0,0,0,0,0,1,0,0,0,0,0,0,4.61
0,0,0,0,0,1,0,0,0,0,0,0,4.59
0,0,0,0,0,1,0,0,0,0,0,0,4.57
1,0,0,0,0,0,0,0,0,0,0,0,4.67
0,0,0,0,0,0,1,0,0,0,0,0,4.08
0,0,0,0,0,0,0,0,0,1,0,0,5.0
0,0,0,0,0,1,0,0,0,0,0,0,5.0
0,0,0,0,1,0,0,0,0,0,0,0,3.83
0,1,0,0,0,0,0,0,0,0,0,0,5.0
0,1,0,0,0,0,0,0,0,0,0,0,4.89
0,0,0,0,0,0,1,0,0,0,0,0,4.76
0,0,0,1,0,0,0,0,0,0,0,0,4.91
0,0,0,0,1,0,0,0,0,0,0,0,4.46
0,0,0,0,0,0,0,0,0,0,1,0,4.9
0,0,0,0,1,0,0,0,0,0,0,0,4.83
0,0,0,0,1,0,0,0,0,0,0,0,4.87
0,0,0,0,1,0,0,0,0,0,0,0,4.82
0,0,0,0,1,0,0,0,0,0,0,0,4.9
0,0,0,0,1,0,0,0,0,0,0,0,4.84
0,0,0,1,0,0,0,0,0,0,0,0,4.29
0,1,0,0,0,0,0,0,0,0,0,0,4.8
0,1,0,0,0,0,0,0,0,0,0,0,4.85
0,1,0,0,0,0,0,0,0,0,0,0,4.9
0,0,0,0,0,0,0,0,0,1,0,0,4.88
0,1,0,0,0,0,0,0,0,0,0,0,4.77
0,0,0,0,0,0,1,0,0,0,0,0,4.92
0,1,0,0,0,0,0,0,0,0,0,0,4.92
1,0,0,0,0,0,0,0,0,0,0,0,4.57
0,0,0,0,0,0,0,0,0,1,0,0,4.56
0,0,0,0,0,0,0,0,1,0,0,0,4.99
0,0,0,0,1,0,0,0,0,0,0,0,4.82
0,0,0,0,0,0,1,0,0,0,0,0,4.98
0,0,0,0,0,0,0,0,0,1,0,0,4.91
0,0,0,0,1,0,0,0,0,0,0,0,5.0
0,0,0,0,1,0,0,0,0,0,0,0,4.78
0,0,0,0,1,0,0,0,0,0,0,0,4.65
0,0,0,0,1,0,0,0,0,0,0,0,4.89
0,0,0,0,1,0,0,0,0,0,0,0,4.88
0,0,0,0,1,0,0,0,0,0,0,0,4.77
0,0,0,0,1,0,0,0,0,0,0,0,5.0
0,0,0,0,1,0,0,0,0,0,0,0,4.89
0,0,0,0,1,0,0,0,0,0,0,0,4.9
0,0,0,0,1,0,0,0,0,0,0,0,4.93
0,0,0,0,1,0,0,0,0,0,0,0,5.0
0,0,0,0,1,0,0,0,0,0,0,0,4.86
0,0,0,0,1,0,0,0,0,0,0,0,4.71
0,0,0,0,0,0,0,1,0,0,0,0,4.76
0,0,0,0,1,0,0,0,0,0,0,0,4.89
0,0,0,0,0,1,0,0,0,0,0,0,4.9
0,0,0,0,0,0,0,0,0,1,0,0,4.97
0,0,0,0,0,0,0,0,0,0,0,1,4.89
1,0,0,0,0,0,0,0,0,0,0,0,4.67
1,0,0,0,0,0,0,0,0,0,0,0,4.57
1,0,0,0,0,0,0,0,0,0,0,0,4.33
1,0,0,0,0,0,0,0,0,0,0,0,4.7
0,0,0,0,1,0,0,0,0,0,0,0,4.79
0,0,0,0,1,0,0,0,0,0,0,0,4.87
0,0,0,0,1,0,0,0,0,0,0,0,4.85
0,0,0,0,0,0,0,0,0,0,0,1,4.75
0,0,0,0,0,0,0,0,0,0,0,1,4.82
0,0,0,0,0,0,1,0,0,0,0,0,4.97
1,0,0,0,0,0,0,0,0,0,0,0,4.67
0,0,0,0,0,0,1,0,0,0,0,0,5.0
1,0,0,0,0,0,0,0,0,0,0,0,4.67
0,0,0,0,1,0,0,0,0,0,0,0,4.88
0,0,0,0,1,0,0,0,0,0,0,0,4.67
0,0,0,0,1,0,0,0,0,0,0,0,5.0
0,0,0,0,1,0,0,0,0,0,0,0,4.94
0,0,0,0,1,0,0,0,0,0,0,0,5.0
0,0,0,0,1,0,0,0,0,0,0,0,5.0
0,1,0,0,0,0,0,0,0,0,0,0,4.95
0,0,0,0,0,0,1,0,0,0,0,0,5.0
0,0,0,0,0,0,0,0,0,0,1,0,4.74
0,0,0,0,1,0,0,0,0,0,0,0,4.95
0,0,0,0,1,0,0,0,0,0,0,0,5.0
0,0,0,0,1,0,0,0,0,0,0,0,5.0
0,0,0,0,0,0,0,0,0,0,1,0,4.8
0,0,0,0,0,1,0,0,0,0,0,0,4.8
1,0,0,0,0,0,0,0,0,0,0,0,4.63
0,0,0,0,1,0,0,0,0,0,0,0,5.0
0,0,0,0,0,1,0,0,0,0,0,0,4.67
0,0,0,0,0,1,0,0,0,0,0,0,4.83
0,0,0,0,1,0,0,0,0,0,0,0,4.67
0,0,0,0,1,0,0,0,0,0,0,0,4.2
0,0,0,0,1,0,0,0,0,0,0,0,4.84
0,0,0,0,0,0,1,0,0,0,0,0,4.82
0,0,0,0,0,1,0,0,0,0,0,0,4.83
1,0,0,0,0,0,0,0,0,0,0,0,4.66
0,0,0,0,0,0,1,0,0,0,0,0,4.65
0,0,0,0,0,0,0,0,0,0,0,1,4.43
0,0,0,0,0,0,1,0,0,0,0,0,4.56
0,0,0,0,0,0,0,0,0,0,0,1,5.0
1,0,0,0,0,0,0,0,0,0,0,0,4.37
0,0,0,0,1,0,0,0,0,0,0,0,4.83
0,1,0,0,0,0,0,0,0,0,0,0,4.86
0,0,0,0,1,0,0,0,0,0,0,0,4.69
0,0,0,0,1,0,0,0,0,0,0,0,4.85
0,0,0,0,0,0,0,0,0,0,1,0,4.78
0,0,0,0,0,0,0,0,0,1,0,0,4.89
0,0,0,0,0,0,0,0,0,0,0,1,5.0
0,0,1,0,0,0,0,0,0,0,0,0,4.97
0,0,0,0,0,0,0,0,0,1,0,0,4.25
0,0,0,0,1,0,0,0,0,0,0,0,4.88
0,1,0,0,0,0,0,0,0,0,0,0,4.79
0,0,0,1,0,0,0,0,0,0,0,0,5.0
0,0,0,0,0,0,0,0,0,0,1,0,4.64
0,0,0,0,0,0,1,0,0,0,0,0,4.91
0,1,0,0,0,0,0,0,0,0,0,0,4.71
0,0,0,0,1,0,0,0,0,0,0,0,4.86
0,0,0,0,1,0,0,0,0,0,0,0,5.0
0,0,0,0,0,0,0,1,0,0,0,0,4.36
0,0,0,0,0,0,0,1,0,0,0,0,4.64
0,0,0,0,1,0,0,0,0,0,0,0,4.83
0,0,0,0,1,0,0,0,0,0,0,0,4.76
0,0,0,0,0,0,0,0,0,0,1,0,4.62
0,0,0,1,0,0,0,0,0,0,0,0,4.77
0,0,0,0,0,0,1,0,0,0,0,0,5.0
0,1,0,0,0,0,0,0,0,0,0,0,4.42
0,1,0,0,0,0,0,0,0,0,0,0,4.95
0,0,0,0,0,0,0,1,0,0,0,0,4.66
0,0,0,0,0,0,0,1,0,0,0,0,4.5
0,0,1,0,0,0,0,0,0,0,0,0,4.83
1,0,0,0,0,0,0,0,0,0,0,0,4.83
0,0,0,0,0,0,0,0,0,0,1,0,4.92
0,0,0,0,1,0,0,0,0,0,0,0,5.0
0,0,0,0,0,0,1,0,0,0,0,0,4.85
0,1,0,0,0,0,0,0,0,0,0,0,4.75
0,0,0,0,1,0,0,0,0,0,0,0,4.47
0,0,0,0,0,0,1,0,0,0,0,0,4.78
0,0,0,0,0,1,0,0,0,0,0,0,4.83
0,0,0,0,0,0,0,0,0,1,0,0,4.71
0,0,0,0,0,0,1,0,0,0,0,0,4.63
0,0,0,0,1,0,0,0,0,0,0,0,4.91
0,1,0,0,0,0,0,0,0,0,0,0,4.97
0,1,0,0,0,0,0,0,0,0,0,0,4.39
0,0,0,0,0,0,0,0,0,0,0,1,5.0
0,0,0,0,0,1,0,0,0,0,0,0,4.85
0,1,0,0,0,0,0,0,0,0,0,0,4.54
0,1,0,0,0,0,0,0,0,0,0,0,4.67
0,1,0,0,0,0,0,0,0,0,0,0,4.72
0,0,0,0,0,1,0,0,0,0,0,0,4.39
0,0,0,0,0,1,0,0,0,0,0,0,4.48
0,0,0,0,0,1,0,0,0,0,0,0,4.27
0,0,0,0,0,0,1,0,0,0,0,0,4.43
0,0,0,0,1,0,0,0,0,0,0,0,4.53
0,1,0,0,0,0,0,0,0,0,0,0,5.0
0,0,0,0,1,0,0,0,0,0,0,0,4.83
0,0,0,0,0,1,0,0,0,0,0,0,4.71
1,0,0,0,0,0,0,0,0,0,0,0,4.83
1,0,0,0,0,0,0,0,0,0,0,0,4.88
0,0,0,0,1,0,0,0,0,0,0,0,4.8
1,0,0,0,0,0,0,0,0,0,0,0,4.87
0,1,0,0,0,0,0,0,0,0,0,0,5.0
0,0,0,0,0,1,0,0,0,0,0,0,5.0
0,0,0,1,0,0,0,0,0,0,0,0,5.0
0,0,0,0,0,0,0,1,0,0,0,0,4.51
0,0,0,0,0,0,1,0,0,0,0,0,4.85
0,0,0,0,1,0,0,0,0,0,0,0,4.86
0,1,0,0,0,0,0,0,0,0,0,0,4.77
0,0,1,0,0,0,0,0,0,0,0,0,4.86
0,0,0,0,0,0,1,0,0,0,0,0,5.0
0,0,0,0,1,0,0,0,0,0,0,0,4.88
1,0,0,0,0,0,0,0,0,0,0,0,4.76
0,0,0,0,1,0,0,0,0,0,0,0,4.8
1,0,0,0,0,0,0,0,0,0,0,0,4.77
1,0,0,0,0,0,0,0,0,0,0,0,4.82
0,0,0,0,0,0,0,0,0,0,0,1,4.76
0,1,0,0,0,0,0,0,0,0,0,0,4.86
0,0,0,0,1,0,0,0,0,0,0,0,4.14
1,0,0,0,0,0,0,0,0,0,0,0,4.46
0,0,0,0,1,0,0,0,0,0,0,0,4.63
0,0,0,0,0,0,0,0,0,0,0,1,4.96
0,1,0,0,0,0,0,0,0,0,0,0,4.44
0,0,0,0,0,0,0,0,0,0,0,1,4.98
0,0,0,0,1,0,0,0,0,0,0,0,4.79
0,0,0,0,0,0,0,0,1,0,0,0,4.86
0,0,0,0,0,0,0,0,0,1,0,0,5.0
0,0,0,0,0,0,1,0,0,0,0,0,4.91
0,0,0,0,0,0,1,0,0,0,0,0,4.86
0,1,0,0,0,0,0,0,0,0,0,0,4.84
0,1,0,0,0,0,0,0,0,0,0,0,4.97
0,1,0,0,0,0,0,0,0,0,0,0,4.88
0,1,0,0,0,0,0,0,0,0,0,0,4.91
0,1,0,0,0,0,0,0,0,0,0,0,4.91
0,1,0,0,0,0,0,0,0,0,0,0,4.94
0,1,0,0,0,0,0,0,0,0,0,0,4.95
0,0,1,0,0,0,0,0,0,0,0,0,4.93
0,0,0,0,0,0,0,0,0,0,0,1,4.33
0,1,0,0,0,0,0,0,0,0,0,0,4.87
0,0,0,0,1,0,0,0,0,0,0,0,4.95
0,0,0,0,1,0,0,0,0,0,0,0,4.94
0,0,0,0,1,0,0,0,0,0,0,0,4.98
1,0,0,0,0,0,0,0,0,0,0,0,5.0
0,0,0,0,0,0,1,0,0,0,0,0,4.85
0,0,0,0,1,0,0,0,0,0,0,0,4.94
1,0,0,0,0,0,0,0,0,0,0,0,4.82
0,0,0,0,1,0,0,0,0,0,0,0,5.0
0,0,0,0,0,0,0,1,0,0,0,0,4.92
0,0,0,0,1,0,0,0,0,0,0,0,4.76
0,0,0,0,0,1,0,0,0,0,0,0,4.92
0,0,0,0,1,0,0,0,0,0,0,0,4.84
0,0,0,0,0,0,0,0,0,0,1,0,4.3
0,0,0,0,0,0,0,0,0,0,1,0,4.0
0,0,0,0,0,0,1,0,0,0,0,0,4.49
0,0,0,0,0,1,0,0,0,0,0,0,4.94
0,0,0,0,0,1,0,0,0,0,0,0,4.67
0,0,0,0,0,0,0,0,1,0,0,0,4.67
0,0,0,0,0,0,1,0,0,0,0,0,4.91
0,0,0,0,1,0,0,0,0,0,0,0,4.56
0,0,0,0,0,0,0,0,0,0,0,1,4.95
0,0,0,0,0,0,1,0,0,0,0,0,4.71
0,0,0,0,0,0,1,0,0,0,0,0,4.71
0,0,0,0,0,0,0,0,0,0,1,0,4.47
0,1,0,0,0,0,0,0,0,0,0,0,4.78
0,0,0,0,0,0,0,0,0,1,0,0,4.98
0,0,0,0,0,0,1,0,0,0,0,0,4.73
0,0,0,0,0,0,0,0,0,0,1,0,4.45
0,0,0,0,0,1,0,0,0,0,0,0,4.94
0,0,0,0,0,0,0,0,0,1,0,0,5.0
0,0,0,0,1,0,0,0,0,0,0,0,4.65
0,1,0,0,0,0,0,0,0,0,0,0,4.8
1,0,0,0,0,0,0,0,0,0,0,0,5.0
0,0,0,0,0,0,1,0,0,0,0,0,4.73
0,0,0,0,1,0,0,0,0,0,0,0,4.02
0,0,0,0,1,0,0,0,0,0,0,0,4.33
0,0,0,0,0,0,0,0,0,0,0,1,4.23
0,0,0,0,0,0,0,0,0,0,0,1,4.27
0,0,0,0,0,0,0,0,0,0,1,0,4.94
0,0,0,0,1,0,0,0,0,0,0,0,4.85
0,1,0,0,0,0,0,0,0,0,0,0,4.81
0,1,0,0,0,0,0,0,0,0,0,0,4.18
0,0,0,0,1,0,0,0,0,0,0,0,4.95
0,0,0,0,0,0,1,0,0,0,0,0,4.63
0,0,0,1,0,0,0,0,0,0,0,0,4.97
0,0,0,0,0,0,1,0,0,0,0,0,4.64
0,0,0,0,0,0,1,0,0,0,0,0,4.67
0,0,0,0,1,0,0,0,0,0,0,0,4.67
0,0,0,0,1,0,0,0,0,0,0,0,4.25
0,0,0,0,1,0,0,0,0,0,0,0,4.33
0,1,0,0,0,0,0,0,0,0,0,0,4.84
0,0,0,0,0,0,0,0,0,0,0,1,4.84
0,0,0,0,0,1,0,0,0,0,0,0,5.0
0,0,0,0,0,1,0,0,0,0,0,0,4.99
0,0,0,0,1,0,0,0,0,0,0,0,4.82
0,1,0,0,0,0,0,0,0,0,0,0,4.68
0,0,0,0,0,0,1,0,0,0,0,0,4.82
0,0,0,0,1,0,0,0,0,0,0,0,4.75
0,0,0,0,1,0,0,0,0,0,0,0,4.7
0,0,0,0,0,0,1,0,0,0,0,0,4.9
0,0,0,0,0,0,0,0,1,0,0,0,4.96
0,1,0,0,0,0,0,0,0,0,0,0,4.96
0,0,0,0,1,0,0,0,0,0,0,0,4.89
0,0,0,0,0,1,0,0,0,0,0,0,5.0
1,0,0,0,0,0,0,0,0,0,0,0,3.96
1,0,0,0,0,0,0,0,0,0,0,0,3.0
1,0,0,0,0,0,0,0,0,0,0,0,4.37
0,0,0,0,1,0,0,0,0,0,0,0,4.83
0,0,0,0,0,0,1,0,0,0,0,0,4.69
0,0,0,0,0,1,0,0,0,0,0,0,4.96
1,0,0,0,0,0,0,0,0,0,0,0,4.48
0,1,0,0,0,0,0,0,0,0,0,0,4.88
0,0,0,0,1,0,0,0,0,0,0,0,4.33
0,0,0,0,0,0,0,0,0,0,1,0,5.0
0,0,0,0,0,0,0,0,0,0,1,0,4.92
0,0,0,0,0,1,0,0,0,0,0,0,4.66
0,1,0,0,0,0,0,0,0,0,0,0,4.55
0,1,0,0,0,0,0,0,0,0,0,0,5.0
0,0,0,0,0,0,1,0,0,0,0,0,4.79
0,1,0,0,0,0,0,0,0,0,0,0,4.59
0,0,0,0,1,0,0,0,0,0,0,0,4.67
0,0,0,0,0,0,1,0,0,0,0,0,4.64
0,0,0,0,1,0,0,0,0,0,0,0,4.76
0,0,0,0,1,0,0,0,0,0,0,0,4.79
1,0,0,0,0,0,0,0,0,0,0,0,4.49
1,0,0,0,0,0,0,0,0,0,0,0,4.29
0,0,0,0,1,0,0,0,0,0,0,0,5.0
0,0,0,0,0,0,1,0,0,0,0,0,5.0
1,0,0,0,0,0,0,0,0,0,0,0,4.83
1,0,0,0,0,0,0,0,0,0,0,0,4.6
0,0,0,0,0,0,0,0,0,0,1,0,4.68
0,0,0,0,0,0,0,0,0,1,0,0,3.71
0,0,0,0,0,0,0,0,0,0,0,1,4.94
0,0,0,1,0,0,0,0,0,0,0,0,4.88
0,1,0,0,0,0,0,0,0,0,0,0,4.62
1,0,0,0,0,0,0,0,0,0,0,0,4.17
0,0,0,0,0,0,0,0,0,0,1,0,4.63
1,0,0,0,0,0,0,0,0,0,0,0,4.87
0,0,0,0,1,0,0,0,0,0,0,0,4.67
0,0,0,0,0,0,0,0,0,0,1,0,4.82
0,0,0,0,0,0,1,0,0,0,0,0,5.0
0,0,0,0,0,0,0,0,0,0,1,0,4.88
0,1,0,0,0,0,0,0,0,0,0,0,4.92
0,1,0,0,0,0,0,0,0,0,0,0,4.63
0,0,0,0,0,0,1,0,0,0,0,0,4.59
0,1,0,0,0,0,0,0,0,0,0,0,4.84
1,0,0,0,0,0,0,0,0,0,0,0,5.0
0,0,0,0,0,0,1,0,0,0,0,0,4.63
0,1,0,0,0,0,0,0,0,0,0,0,4.79
0,1,0,0,0,0,0,0,0,0,0,0,4.72
0,0,0,0,0,1,0,0,0,0,0,0,4.76
0,1,0,0,0,0,0,0,0,0,0,0,4.67
0,1,0,0,0,0,0,0,0,0,0,0,4.65
0,1,0,0,0,0,0,0,0,0,0,0,4.67
0,1,0,0,0,0,0,0,0,0,0,0,4.67
0,0,0,1,0,0,0,0,0,0,0,0,4.8
0,1,0,0,0,0,0,0,0,0,0,0,4.47
0,0,0,0,1,0,0,0,0,0,0,0,4.88
0,0,0,0,0,0,1,0,0,0,0,0,4.83
0,0,0,0,0,0,0,0,0,0,0,1,5.0
0,1,0,0,0,0,0,0,0,0,0,0,4.99
0,0,0,0,1,0,0,0,0,0,0,0,4.61
0,0,0,0,1,0,0,0,0,0,0,0,5.0
0,0,0,0,1,0,0,0,0,0,0,0,4.83
0,1,0,0,0,0,0,0,0,0,0,0,5.0
0,0,0,0,0,0,1,0,0,0,0,0,4.98
0,0,0,0,0,0,0,0,0,0,0,1,4.88
0,0,0,0,0,0,1,0,0,0,0,0,5.0
0,0,0,0,0,1,0,0,0,0,0,0,5.0
0,0,0,0,1,0,0,0,0,0,0,0,4.87
0,0,0,0,0,0,1,0,0,0,0,0,5.0
0,1,0,0,0,0,0,0,0,0,0,0,5.0
0,0,1,0,0,0,0,0,0,0,0,0,4.52
0,0,0,0,0,1,0,0,0,0,0,0,4.29
0,0,0,0,0,0,0,0,0,0,0,1,4.9
0,1,0,0,0,0,0,0,0,0,0,0,4.83
0,0,0,0,0,0,0,0,0,0,1,0,4.96
0,1,0,0,0,0,0,0,0,0,0,0,4.63
0,0,0,0,0,0,0,0,0,1,0,0,4.92
0,0,0,0,0,0,0,0,0,0,0,1,5.0
0,0,0,0,0,0,0,0,0,0,1,0,4.8
0,0,0,0,0,0,0,0,0,0,0,1,4.5
0,0,0,0,0,0,0,1,0,0,0,0,4.89
0,0,1,0,0,0,0,0,0,0,0,0,4.97
0,0,0,0,0,0,0,0,0,0,1,0,4.8
0,0,0,0,0,0,0,0,0,0,1,0,4.75
0,0,0,0,0,0,0,1,0,0,0,0,5.0
0,1,0,0,0,0,0,0,0,0,0,0,4.86
0,0,0,0,0,0,0,0,0,0,1,0,4.8
1,0,0,0,0,0,0,0,0,0,0,0,4.83
0,0,0,0,1,0,0,0,0,0,0,0,4.79
0,0,0,1,0,0,0,0,0,0,0,0,4.75
0,0,0,0,1,0,0,0,0,0,0,0,4.89
0,1,0,0,0,0,0,0,0,0,0,0,5.0
1,0,0,0,0,0,0,0,0,0,0,0,4.75
0,1,0,0,0,0,0,0,0,0,0,0,4.94
0,0,0,0,0,0,1,0,0,0,0,0,4.55
0,0,0,0,0,0,0,0,0,0,1,0,4.74
0,0,0,0,0,0,0,0,0,0,1,0,4.73
0,0,0,0,0,0,0,0,0,0,1,0,4.64
0,0,0,0,0,0,0,0,0,0,1,0,4.67
0,0,0,0,0,0,0,0,0,0,1,0,4.69
0,0,0,0,0,0,0,0,0,0,1,0,4.71
0,0,0,0,0,0,0,0,0,0,1,0,4.77
0,0,0,0,0,0,1,0,0,0,0,0,5.0
0,0,0,0,0,0,0,0,0,1,0,0,5.0
0,1,0,0,0,0,0,0,0,0,0,0,4.8
0,0,0,0,1,0,0,0,0,0,0,0,4.91
0,1,0,0,0,0,0,0,0,0,0,0,5.0
0,0,0,0,1,0,0,0,0,0,0,0,4.97
1,0,0,0,0,0,0,0,0,0,0,0,4.98
0,0,0,0,0,0,1,0,0,0,0,0,5.0
0,0,0,0,0,0,1,0,0,0,0,0,4.5
0,0,0,0,0,0,1,0,0,0,0,0,4.78
0,0,0,0,0,1,0,0,0,0,0,0,4.7
0,1,0,0,0,0,0,0,0,0,0,0,4.58
1,0,0,0,0,0,0,0,0,0,0,0,4.89
0,0,0,0,1,0,0,0,0,0,0,0,4.74
1,0,0,0,0,0,0,0,0,0,0,0,5.0
1,0,0,0,0,0,0,0,0,0,0,0,4.75
0,0,1,0,0,0,0,0,0,0,0,0,4.79
0,0,0,0,0,0,1,0,0,0,0,0,4.24
0,0,0,0,0,0,0,0,0,0,0,1,4.91
0,0,0,0,0,0,0,0,0,0,0,1,3.7
0,0,0,0,1,0,0,0,0,0,0,0,5.0
0,0,0,0,0,0,0,0,0,1,0,0,4.8
0,0,0,0,0,0,0,0,0,0,0,1,4.91
0,0,0,0,0,0,1,0,0,0,0,0,4.92
0,0,0,0,0,0,0,0,0,1,0,0,4.8
0,0,0,0,1,0,0,0,0,0,0,0,4.96
0,1,0,0,0,0,0,0,0,0,0,0,5.0
0,1,0,0,0,0,0,0,0,0,0,0,4.58
0,0,0,0,0,0,1,0,0,0,0,0,4.95
1,0,0,0,0,0,0,0,0,0,0,0,4.98
0,1,0,0,0,0,0,0,0,0,0,0,4.5
1,0,0,0,0,0,0,0,0,0,0,0,4.21
0,0,0,0,0,0,1,0,0,0,0,0,4.92
0,0,0,0,0,0,0,0,0,0,0,1,5.0
0,1,0,0,0,0,0,0,0,0,0,0,4.76
0,0,0,0,0,1,0,0,0,0,0,0,4.94
0,1,0,0,0,0,0,0,0,0,0,0,4.85
0,0,0,0,0,0,0,0,0,0,1,0,4.77
0,0,0,0,0,0,0,0,0,0,0,1,4.81
0,0,0,0,0,0,0,0,0,0,0,1,5.0
0,1,0,0,0,0,0,0,0,0,0,0,5.0
0,0,0,0,0,0,0,0,0,1,0,0,4.92
0,0,0,0,0,0,0,0,0,0,1,0,4.83
0,0,0,0,0,1,0,0,0,0,0,0,4.93
0,0,0,0,0,0,1,0,0,0,0,0,4.89
1,0,0,0,0,0,0,0,0,0,0,0,4.59
1,0,0,0,0,0,0,0,0,0,0,0,4.49
0,0,0,0,1,0,0,0,0,0,0,0,4.96
0,0,0,0,1,0,0,0,0,0,0,0,4.94
0,0,0,0,0,0,0,0,0,0,0,1,5.0
0,0,0,0,0,0,0,0,0,0,0,1,4.82
0,0,0,0,0,0,0,0,0,0,0,1,4.88
0,0,0,0,0,0,0,0,0,0,1,0,4.87
0,0,0,0,0,1,0,0,0,0,0,0,4.45
0,1,0,0,0,0,0,0,0,0,0,0,4.88
0,0,0,0,0,0,0,0,0,1,0,0,5.0
1,0,0,0,0,0,0,0,0,0,0,0,4.58
0,0,0,0,1,0,0,0,0,0,0,0,4.78
0,0,0,0,0,0,1,0,0,0,0,0,4.95
0,1,0,0,0,0,0,0,0,0,0,0,4.94
1,0,0,0,0,0,0,0,0,0,0,0,4.9
1,0,0,0,0,0,0,0,0,0,0,0,4.85
0,0,0,0,0,1,0,0,0,0,0,0,4.89
0,1,0,0,0,0,0,0,0,0,0,0,4.93
0,0,0,0,0,0,1,0,0,0,0,0,5.0
0,1,0,0,0,0,0,0,0,0,0,0,4.71
0,0,0,0,1,0,0,0,0,0,0,0,4.62
0,0,0,0,0,0,1,0,0,0,0,0,4.59
0,1,0,0,0,0,0,0,0,0,0,0,4.81
0,0,0,0,1,0,0,0,0,0,0,0,4.94
0,0,0,0,0,1,0,0,0,0,0,0,4.91
0,0,0,0,1,0,0,0,0,0,0,0,4.34
0,0,0,0,1,0,0,0,0,0,0,0,4.75
0,0,0,0,0,0,1,0,0,0,0,0,4.17
0,0,0,0,1,0,0,0,0,0,0,0,4.91
1,0,0,0,0,0,0,0,0,0,0,0,4.65
0,0,0,0,0,0,1,0,0,0,0,0,5.0
0,0,0,0,1,0,0,0,0,0,0,0,4.57
0,0,0,0,1,0,0,0,0,0,0,0,4.88
0,0,0,0,1,0,0,0,0,0,0,0,4.79
0,0,0,0,1,0,0,0,0,0,0,0,4.85
0,0,0,0,1,0,0,0,0,0,0,0,4.95
0,0,0,0,1,0,0,0,0,0,0,0,4.38
0,0,0,0,1,0,0,0,0,0,0,0,4.33
0,0,0,0,1,0,0,0,0,0,0,0,4.7
0,0,0,0,1,0,0,0,0,0,0,0,4.67
0,0,0,0,1,0,0,0,0,0,0,0,4.75
0,0,0,0,1,0,0,0,0,0,0,0,4.3
0,0,0,0,1,0,0,0,0,0,0,0,4.84
0,1,0,0,0,0,0,0,0,0,0,0,4.94
0,0,0,0,0,0,0,0,0,0,1,0,4.97
0,0,0,0,0,0,0,0,0,0,0,1,4.71
0,0,0,0,1,0,0,0,0,0,0,0,4.5
0,1,0,0,0,0,0,0,0,0,0,0,4.82
0,0,0,0,1,0,0,0,0,0,0,0,4.88
0,0,0,0,0,0,0,0,0,0,0,1,4.91
0,1,0,0,0,0,0,0,0,0,0,0,4.73
1,0,0,0,0,0,0,0,0,0,0,0,5.0
0,0,0,0,0,0,0,0,0,0,0,1,4.86
0,0,0,0,0,0,0,0,0,1,0,0,4.4
0,0,0,0,0,0,1,0,0,0,0,0,4.65
0,0,0,0,0,0,1,0,0,0,0,0,4.54
1,0,0,0,0,0,0,0,0,0,0,0,4.67
0,0,0,0,0,0,0,0,0,0,1,0,5.0
0,0,1,0,0,0,0,0,0,0,0,0,4.75
0,0,0,0,0,1,0,0,0,0,0,0,4.77
0,0,0,0,0,0,1,0,0,0,0,0,4.92
0,0,0,0,1,0,0,0,0,0,0,0,4.91
0,0,0,0,0,1,0,0,0,0,0,0,4.95
1,0,0,0,0,0,0,0,0,0,0,0,4.15
0,0,0,0,0,0,1,0,0,0,0,0,4.95
0,1,0,0,0,0,0,0,0,0,0,0,4.86
0,1,0,0,0,0,0,0,0,0,0,0,5.0
0,1,0,0,0,0,0,0,0,0,0,0,4.8
0,0,0,0,1,0,0,0,0,0,0,0,5.0
0,0,0,0,1,0,0,0,0,0,0,0,4.68
0,0,0,0,0,0,0,0,0,0,0,1,4.71
0,0,0,0,0,0,1,0,0,0,0,0,4.89
0,0,0,0,0,0,0,0,0,0,1,0,4.94
1,0,0,0,0,0,0,0,0,0,0,0,4.98
0,0,0,0,0,1,0,0,0,0,0,0,4.63
1,0,0,0,0,0,0,0,0,0,0,0,4.96
0,1,0,0,0,0,0,0,0,0,0,0,4.91
0,1,0,0,0,0,0,0,0,0,0,0,4.69
0,0,0,0,1,0,0,0,0,0,0,0,5.0
0,0,0,0,1,0,0,0,0,0,0,0,5.0
0,0,1,0,0,0,0,0,0,0,0,0,4.68
0,0,0,0,1,0,0,0,0,0,0,0,4.75
0,0,1,0,0,0,0,0,0,0,0,0,4.99
0,0,0,0,1,0,0,0,0,0,0,0,4.85
0,0,0,0,0,0,0,0,0,0,0,1,4.83
0,0,0,0,0,0,0,0,0,0,1,0,5.0
0,0,0,0,1,0,0,0,0,0,0,0,4.71
0,1,0,0,0,0,0,0,0,0,0,0,4.91
0,0,0,0,0,0,0,0,0,0,0,1,4.2
0,0,0,0,1,0,0,0,0,0,0,0,4.81
0,0,0,0,0,1,0,0,0,0,0,0,4.88
0,0,0,0,0,0,1,0,0,0,0,0,4.64
0,0,1,0,0,0,0,0,0,0,0,0,4.88
0,0,0,0,0,1,0,0,0,0,0,0,4.67
0,0,0,0,0,0,1,0,0,0,0,0,4.42
0,0,0,0,1,0,0,0,0,0,0,0,4.91
0,0,0,0,0,0,1,0,0,0,0,0,4.94
0,0,0,0,0,0,1,0,0,0,0,0,5.0
0,0,0,0,0,0,0,0,0,0,0,1,4.83
0,0,0,0,1,0,0,0,0,0,0,0,4.92
0,0,0,0,0,0,0,0,0,0,0,1,4.94
0,0,0,0,0,0,0,0,0,0,0,1,5.0
0,0,0,0,0,0,0,0,0,1,0,0,3.17
0,0,0,0,0,0,0,0,0,0,0,1,4.2
1,0,0,0,0,0,0,0,0,0,0,0,5.0
0,0,0,0,0,0,1,0,0,0,0,0,4.8
0,0,0,0,0,1,0,0,0,0,0,0,4.87
0,0,0,0,0,1,0,0,0,0,0,0,4.86
0,0,0,0,0,0,0,0,1,0,0,0,4.67
0,0,0,0,0,0,1,0,0,0,0,0,4.45
0,0,0,0,0,0,1,0,0,0,0,0,4.38
0,0,0,0,1,0,0,0,0,0,0,0,4.67
0,1,0,0,0,0,0,0,0,0,0,0,4.85
0,0,0,0,1,0,0,0,0,0,0,0,4.93
0,0,0,0,0,0,0,0,0,1,0,0,5.0
0,1,0,0,0,0,0,0,0,0,0,0,4.67
0,0,0,0,0,0,1,0,0,0,0,0,4.93
0,0,0,0,0,0,0,0,0,0,1,0,4.91
0,0,0,0,0,0,1,0,0,0,0,0,4.91
0,0,0,0,1,0,0,0,0,0,0,0,4.88
0,0,0,0,0,1,0,0,0,0,0,0,4.98
0,0,0,0,0,1,0,0,0,0,0,0,5.0
0,0,0,0,1,0,0,0,0,0,0,0,4.36
0,0,0,0,0,0,0,0,0,0,0,1,4.67
0,0,0,0,0,0,1,0,0,0,0,0,4.88
0,1,0,0,0,0,0,0,0,0,0,0,4.88
0,0,0,0,0,0,1,0,0,0,0,0,4.92
0,0,0,0,0,0,0,0,0,0,0,1,4.85
0,0,0,0,0,0,0,0,0,0,1,0,4.97
0,0,0,0,0,1,0,0,0,0,0,0,4.0
0,1,0,0,0,0,0,0,0,0,0,0,4.88
0,0,0,0,0,0,1,0,0,0,0,0,4.83
0,0,0,0,0,0,1,0,0,0,0,0,4.88
0,0,0,0,1,0,0,0,0,0,0,0,4.84
0,1,0,0,0,0,0,0,0,0,0,0,4.5
0,1,0,0,0,0,0,0,0,0,0,0,4.68
0,0,0,0,0,1,0,0,0,0,0,0,4.33
0,0,0,0,0,1,0,0,0,0,0,0,4.93
0,0,0,0,0,1,0,0,0,0,0,0,4.67
1,0,0,0,0,0,0,0,0,0,0,0,4.81
0,0,0,0,0,1,0,0,0,0,0,0,4.98
0,1,0,0,0,0,0,0,0,0,0,0,4.71
0,1,0,0,0,0,0,0,0,0,0,0,4.71
0,0,0,0,0,0,1,0,0,0,0,0,4.4
0,0,0,0,0,1,0,0,0,0,0,0,4.62
0,0,0,0,0,1,0,0,0,0,0,0,4.64
0,0,0,0,0,0,1,0,0,0,0,0,4.87
0,0,0,0,1,0,0,0,0,0,0,0,4.86
0,0,0,0,0,0,0,0,1,0,0,0,5.0
0,0,0,0,0,0,1,0,0,0,0,0,5.0
0,0,0,0,0,1,0,0,0,0,0,0,4.29
0,0,0,0,0,1,0,0,0,0,0,0,3.83
0,0,0,0,0,1,0,0,0,0,0,0,4.2
0,0,0,0,0,0,1,0,0,0,0,0,4.88
0,0,0,0,0,0,1,0,0,0,0,0,4.88
0,0,0,0,0,1,0,0,0,0,0,0,4.46
0,0,0,0,1,0,0,0,0,0,0,0,5.0
0,0,0,0,0,1,0,0,0,0,0,0,4.62
1,0,0,0,0,0,0,0,0,0,0,0,4.95
1,0,0,0,0,0,0,0,0,0,0,0,4.79
0,1,0,0,0,0,0,0,0,0,0,0,5.0
0,0,0,0,0,1,0,0,0,0,0,0,4.6
0,0,0,0,0,0,1,0,0,0,0,0,4.9
0,0,0,0,0,0,1,0,0,0,0,0,4.62
0,0,0,0,0,0,1,0,0,0,0,0,4.75
0,0,0,0,0,0,1,0,0,0,0,0,4.68
0,0,0,0,0,0,1,0,0,0,0,0,4.97
0,1,0,0,0,0,0,0,0,0,0,0,4.71
0,0,0,0,1,0,0,0,0,0,0,0,4.69
0,0,0,0,1,0,0,0,0,0,0,0,4.84
0,0,0,0,0,0,0,0,0,0,0,1,4.57
0,0,0,0,0,0,1,0,0,0,0,0,5.0
0,1,0,0,0,0,0,0,0,0,0,0,4.78
0,1,0,0,0,0,0,0,0,0,0,0,4.63
0,0,0,0,1,0,0,0,0,0,0,0,4.45
0,1,0,0,0,0,0,0,0,0,0,0,5.0
0,0,0,0,0,0,1,0,0,0,0,0,4.97
0,0,0,0,0,0,0,0,0,0,1,0,4.98
0,0,0,0,0,0,1,0,0,0,0,0,4.93
0,0,0,0,0,0,0,0,0,1,0,0,4.84
1,0,0,0,0,0,0,0,0,0,0,0,3.84
0,0,0,0,0,0,1,0,0,0,0,0,4.88
0,0,0,0,0,1,0,0,0,0,0,0,4.68
0,0,0,0,1,0,0,0,0,0,0,0,4.58
0,1,0,0,0,0,0,0,0,0,0,0,5.0
0,0,0,0,1,0,0,0,0,0,0,0,4.91
0,0,0,0,0,0,0,0,0,0,0,1,4.83
0,1,0,0,0,0,0,0,0,0,0,0,4.94
1,0,0,0,0,0,0,0,0,0,0,0,4.89
0,0,0,0,0,0,0,0,1,0,0,0,4.5
0,1,0,0,0,0,0,0,0,0,0,0,4.87
1,0,0,0,0,0,0,0,0,0,0,0,4.15
1,0,0,0,0,0,0,0,0,0,0,0,4.39
1,0,0,0,0,0,0,0,0,0,0,0,4.06
1,0,0,0,0,0,0,0,0,0,0,0,4.33
1,0,0,0,0,0,0,0,0,0,0,0,4.09
1,0,0,0,0,0,0,0,0,0,0,0,4.25
0,0,0,0,0,0,1,0,0,0,0,0,4.59
1,0,0,0,0,0,0,0,0,0,0,0,4.6
1,0,0,0,0,0,0,0,0,0,0,0,4.67
1,0,0,0,0,0,0,0,0,0,0,0,4.86
0,0,0,0,0,0,0,0,0,0,0,1,4.91
1,0,0,0,0,0,0,0,0,0,0,0,4.73
0,0,0,0,0,1,0,0,0,0,0,0,4.5
1,0,0,0,0,0,0,0,0,0,0,0,4.53
0,0,0,0,0,0,0,1,0,0,0,0,4.58
0,0,0,0,0,0,1,0,0,0,0,0,4.91
1,0,0,0,0,0,0,0,0,0,0,0,5.0
0,1,0,0,0,0,0,0,0,0,0,0,4.63
0,1,0,0,0,0,0,0,0,0,0,0,5.0
0,1,0,0,0,0,0,0,0,0,0,0,4.92
0,0,0,0,0,0,0,0,0,0,1,0,4.78
0,0,0,0,1,0,0,0,0,0,0,0,4.66
0,0,0,0,0,0,1,0,0,0,0,0,4.74
0,0,0,0,0,0,1,0,0,0,0,0,4.5
0,0,0,0,0,0,1,0,0,0,0,0,4.75
0,0,0,1,0,0,0,0,0,0,0,0,5.0
0,0,0,0,0,1,0,0,0,0,0,0,4.73
0,0,0,0,1,0,0,0,0,0,0,0,4.64
0,0,0,0,1,0,0,0,0,0,0,0,4.61
0,0,1,0,0,0,0,0,0,0,0,0,4.85
0,0,0,0,1,0,0,0,0,0,0,0,4.72
0,0,0,0,1,0,0,0,0,0,0,0,4.67
0,0,0,0,1,0,0,0,0,0,0,0,4.74
0,0,0,0,0,0,0,0,0,1,0,0,4.87
0,1,0,0,0,0,0,0,0,0,0,0,4.58
0,0,0,0,1,0,0,0,0,0,0,0,5.0
0,0,0,0,0,0,0,0,0,1,0,0,4.93
0,0,0,0,1,0,0,0,0,0,0,0,4.79
0,0,0,0,1,0,0,0,0,0,0,0,4.57
0,0,0,0,0,0,0,0,0,0,1,0,4.8
0,0,0,0,0,0,0,0,1,0,0,0,4.04
0,0,0,0,1,0,0,0,0,0,0,0,4.73
0,0,0,0,0,0,0,0,1,0,0,0,4.5
0,0,0,0,1,0,0,0,0,0,0,0,4.79
0,0,0,0,1,0,0,0,0,0,0,0,4.9
0,0,0,0,1,0,0,0,0,0,0,0,4.18
0,0,0,0,1,0,0,0,0,0,0,0,4.23
0,1,0,0,0,0,0,0,0,0,0,0,4.96
1,0,0,0,0,0,0,0,0,0,0,0,5.0
0,0,0,0,0,0,0,0,0,0,0,1,5.0
0,0,0,0,1,0,0,0,0,0,0,0,4.79
0,1,0,0,0,0,0,0,0,0,0,0,5.0
0,0,0,0,0,0,1,0,0,0,0,0,4.88
0,1,0,0,0,0,0,0,0,0,0,0,5.0
0,0,0,0,0,0,1,0,0,0,0,0,4.99
0,0,0,0,0,0,1,0,0,0,0,0,4.9
0,0,0,0,0,0,0,0,0,1,0,0,5.0
0,0,0,0,0,0,1,0,0,0,0,0,4.43
0,0,0,0,1,0,0,0,0,0,0,0,4.73
0,0,1,0,0,0,0,0,0,0,0,0,4.8
1,0,0,0,0,0,0,0,0,0,0,0,4.84
0,0,0,0,0,0,0,0,0,0,1,0,4.94
0,1,0,0,0,0,0,0,0,0,0,0,4.71
0,1,0,0,0,0,0,0,0,0,0,0,4.57
0,1,0,0,0,0,0,0,0,0,0,0,4.69
0,0,0,0,0,0,0,0,0,0,1,0,4.44
0,0,0,0,0,0,0,0,0,0,1,0,4.84
0,0,0,0,0,1,0,0,0,0,0,0,4.29
0,1,0,0,0,0,0,0,0,0,0,0,4.83
0,0,0,0,1,0,0,0,0,0,0,0,4.5
0,0,0,0,1,0,0,0,0,0,0,0,4.6
1,0,0,0,0,0,0,0,0,0,0,0,4.4
0,0,0,0,0,0,1,0,0,0,0,0,4.87
0,0,0,0,0,0,0,0,0,0,1,0,5.0
0,0,0,0,0,0,1,0,0,0,0,0,4.86
0,0,0,0,0,1,0,0,0,0,0,0,4.9
0,0,0,0,0,0,1,0,0,0,0,0,4.15
0,0,0,0,0,0,1,0,0,0,0,0,4.67
0,1,0,0,0,0,0,0,0,0,0,0,4.85
0,0,0,0,0,1,0,0,0,0,0,0,4.66
0,0,0,0,0,1,0,0,0,0,0,0,4.72
0,0,0,0,0,1,0,0,0,0,0,0,4.58
0,0,0,0,0,1,0,0,0,0,0,0,4.59
0,0,0,0,0,1,0,0,0,0,0,0,4.65
0,1,0,0,0,0,0,0,0,0,0,0,4.65
0,1,0,0,0,0,0,0,0,0,0,0,4.68
0,0,0,0,0,0,1,0,0,0,0,0,4.89
0,0,0,0,0,0,1,0,0,0,0,0,4.76
0,0,0,0,0,0,0,0,0,0,1,0,4.92
0,0,0,0,1,0,0,0,0,0,0,0,4.61
0,0,0,0,1,0,0,0,0,0,0,0,4.69
0,0,0,0,1,0,0,0,0,0,0,0,4.76
0,0,0,0,0,0,1,0,0,0,0,0,4.73
0,0,0,0,1,0,0,0,0,0,0,0,4.71
0,0,0,0,0,0,1,0,0,0,0,0,4.5
0,0,0,0,1,0,0,0,0,0,0,0,4.59
0,1,0,0,0,0,0,0,0,0,0,0,4.24
0,1,0,0,0,0,0,0,0,0,0,0,4.13
0,1,0,0,0,0,0,0,0,0,0,0,4.85
0,0,0,0,0,1,0,0,0,0,0,0,4.86
0,0,0,0,0,0,0,0,0,0,1,0,4.72
0,0,0,0,1,0,0,0,0,0,0,0,4.73
0,1,0,0,0,0,0,0,0,0,0,0,4.8
0,0,0,0,0,0,0,0,0,0,1,0,4.95
0,0,0,0,0,0,1,0,0,0,0,0,5.0
0,0,0,0,0,0,0,0,0,1,0,0,5.0
0,0,0,0,0,0,1,0,0,0,0,0,4.31
0,0,1,0,0,0,0,0,0,0,0,0,5.0
0,1,0,0,0,0,0,0,0,0,0,0,4.5
0,1,0,0,0,0,0,0,0,0,0,0,4.5
0,0,0,0,1,0,0,0,0,0,0,0,4.67
0,0,0,0,1,0,0,0,0,0,0,0,4.57
0,0,0,0,0,0,1,0,0,0,0,0,4.31
0,0,0,0,0,0,0,0,1,0,0,0,4.85
0,1,0,0,0,0,0,0,0,0,0,0,5.0
0,0,0,0,1,0,0,0,0,0,0,0,4.0
0,0,0,0,0,0,0,0,0,1,0,0,4.6
0,0,0,0,0,0,0,0,0,1,0,0,4.0
0,0,0,0,0,0,1,0,0,0,0,0,4.99
1,0,0,0,0,0,0,0,0,0,0,0,4.32
0,0,0,0,0,1,0,0,0,0,0,0,4.67
0,0,0,0,0,1,0,0,0,0,0,0,4.88
0,0,0,0,0,1,0,0,0,0,0,0,4.83
0,1,0,0,0,0,0,0,0,0,0,0,4.85
0,0,0,0,0,0,0,0,0,0,0,1,4.85
0,0,0,0,0,0,1,0,0,0,0,0,4.9
0,0,0,0,0,0,1,0,0,0,0,0,5.0
0,0,0,0,0,0,1,0,0,0,0,0,4.49
0,0,0,0,0,0,1,0,0,0,0,0,4.5
0,0,0,0,0,0,0,0,0,1,0,0,4.82
0,1,0,0,0,0,0,0,0,0,0,0,4.82
0,0,0,0,0,0,1,0,0,0,0,0,4.58
0,1,0,0,0,0,0,0,0,0,0,0,5.0
0,0,0,0,0,0,0,0,0,1,0,0,5.0
0,0,0,0,0,0,0,0,0,0,1,0,4.82
0,0,0,0,0,0,0,0,0,1,0,0,4.33
0,0,0,0,0,0,0,0,0,1,0,0,4.75
0,0,0,0,0,0,0,0,0,1,0,0,4.71
0,0,0,0,0,0,0,0,0,1,0,0,4.7
0,0,0,0,0,0,1,0,0,0,0,0,4.96
0,0,0,0,0,0,0,0,0,1,0,0,4.6
0,1,0,0,0,0,0,0,0,0,0,0,4.92
1,0,0,0,0,0,0,0,0,0,0,0,4.78
0,0,0,0,0,0,0,0,0,0,0,1,4.9
0,0,0,0,0,0,0,0,0,0,0,1,4.92
0,1,0,0,0,0,0,0,0,0,0,0,4.91
0,0,0,0,0,1,0,0,0,0,0,0,5.0
0,0,0,0,0,0,1,0,0,0,0,0,4.57
0,0,0,0,0,1,0,0,0,0,0,0,4.0
0,1,0,0,0,0,0,0,0,0,0,0,4.56
0,0,0,0,0,0,1,0,0,0,0,0,5.0
0,0,0,0,0,0,1,0,0,0,0,0,4.76
0,1,0,0,0,0,0,0,0,0,0,0,4.75
0,0,0,0,0,0,1,0,0,0,0,0,4.89
0,0,0,0,0,0,1,0,0,0,0,0,4.75
0,0,0,0,1,0,0,0,0,0,0,0,5.0
0,0,0,0,0,0,1,0,0,0,0,0,4.73
0,0,0,0,1,0,0,0,0,0,0,0,4.75
0,0,0,0,0,0,1,0,0,0,0,0,4.92
0,0,0,0,1,0,0,0,0,0,0,0,4.89
0,0,0,1,0,0,0,0,0,0,0,0,4.76
0,0,0,0,0,0,0,1,0,0,0,0,3.75
0,0,0,0,0,0,0,1,0,0,0,0,4.35
0,0,0,0,0,0,0,1,0,0,0,0,4.88
0,0,0,0,0,0,0,1,0,0,0,0,4.2
0,0,0,0,0,0,0,1,0,0,0,0,4.56
0,0,0,0,0,0,0,1,0,0,0,0,4.27
0,0,0,0,0,0,1,0,0,0,0,0,4.73
0,0,0,0,0,0,0,0,0,0,1,0,4.77
1,0,0,0,0,0,0,0,0,0,0,0,4.27
1,0,0,0,0,0,0,0,0,0,0,0,4.89
1,0,0,0,0,0,0,0,0,0,0,0,5.0
0,1,0,0,0,0,0,0,0,0,0,0,4.7
0,0,0,0,1,0,0,0,0,0,0,0,4.83
0,1,0,0,0,0,0,0,0,0,0,0,4.59
0,1,0,0,0,0,0,0,0,0,0,0,4.73
0,1,0,0,0,0,0,0,0,0,0,0,4.58
0,1,0,0,0,0,0,0,0,0,0,0,4.63
0,1,0,0,0,0,0,0,0,0,0,0,4.52
0,1,0,0,0,0,0,0,0,0,0,0,4.69
0,0,0,1,0,0,0,0,0,0,0,0,4.25
0,0,0,0,1,0,0,0,0,0,0,0,4.56
0,0,0,0,1,0,0,0,0,0,0,0,4.5
0,0,0,0,1,0,0,0,0,0,0,0,4.6
0,0,0,0,0,0,0,0,0,0,0,1,5.0
0,0,0,0,0,0,1,0,0,0,0,0,5.0
0,1,0,0,0,0,0,0,0,0,0,0,4.61
0,1,0,0,0,0,0,0,0,0,0,0,4.61
1,0,0,0,0,0,0,0,0,0,0,0,5.0
0,0,0,0,0,0,1,0,0,0,0,0,4.82
1,0,0,0,0,0,0,0,0,0,0,0,5.0
1,0,0,0,0,0,0,0,0,0,0,0,5.0
0,0,0,0,1,0,0,0,0,0,0,0,4.93
0,0,0,0,0,0,1,0,0,0,0,0,4.52
1,0,0,0,0,0,0,0,0,0,0,0,5.0
0,1,0,0,0,0,0,0,0,0,0,0,5.0
0,1,0,0,0,0,0,0,0,0,0,0,5.0
0,0,0,0,1,0,0,0,0,0,0,0,4.86
1,0,0,0,0,0,0,0,0,0,0,0,4.86
0,1,0,0,0,0,0,0,0,0,0,0,4.9
0,0,0,0,1,0,0,0,0,0,0,0,4.95
0,0,0,0,0,0,0,0,0,0,1,0,4.88
0,0,0,0,1,0,0,0,0,0,0,0,4.8
1,0,0,0,0,0,0,0,0,0,0,0,4.94
0,0,0,0,1,0,0,0,0,0,0,0,4.94
0,0,0,0,0,0,1,0,0,0,0,0,4.98
0,0,0,0,1,0,0,0,0,0,0,0,4.92
0,0,0,0,0,0,1,0,0,0,0,0,4.72
0,1,0,0,0,0,0,0,0,0,0,0,4.77
0,0,0,0,0,0,0,0,1,0,0,0,4.86
0,1,0,0,0,0,0,0,0,0,0,0,5.0
0,0,0,0,0,0,0,0,0,0,0,1,5.0
0,1,0,0,0,0,0,0,0,0,0,0,4.8
0,0,0,0,0,0,0,0,0,0,1,0,4.6
0,1,0,0,0,0,0,0,0,0,0,0,4.23
0,1,0,0,0,0,0,0,0,0,0,0,4.78
0,0,0,0,0,0,1,0,0,0,0,0,4.95
0,0,0,0,0,0,1,0,0,0,0,0,4.96
0,0,0,0,0,0,1,0,0,0,0,0,4.8
0,0,0,0,0,0,1,0,0,0,0,0,4.97
0,0,0,0,1,0,0,0,0,0,0,0,4.96
0,0,0,0,0,0,1,0,0,0,0,0,5.0
0,0,0,0,0,0,0,0,0,1,0,0,4.83
1,0,0,0,0,0,0,0,0,0,0,0,4.8
1,0,0,0,0,0,0,0,0,0,0,0,4.78
0,1,0,0,0,0,0,0,0,0,0,0,4.95
0,0,0,0,0,0,1,0,0,0,0,0,4.62
0,0,0,0,0,0,0,0,0,0,0,1,5.0
0,0,0,0,0,0,1,0,0,0,0,0,4.96
0,0,0,0,0,1,0,0,0,0,0,0,4.91
0,0,0,0,1,0,0,0,0,0,0,0,4.94
0,0,0,0,0,1,0,0,0,0,0,0,4.98
0,0,0,0,0,1,0,0,0,0,0,0,4.81
0,0,0,0,0,0,0,1,0,0,0,0,4.68
0,1,0,0,0,0,0,0,0,0,0,0,4.95
0,0,0,0,0,0,1,0,0,0,0,0,4.8
1,0,0,0,0,0,0,0,0,0,0,0,4.25
0,1,0,0,0,0,0,0,0,0,0,0,4.96
0,1,0,0,0,0,0,0,0,0,0,0,4.83
0,1,0,0,0,0,0,0,0,0,0,0,4.93
0,0,0,0,1,0,0,0,0,0,0,0,4.9
0,0,0,0,1,0,0,0,0,0,0,0,5.0
0,0,1,0,0,0,0,0,0,0,0,0,4.87
1,0,0,0,0,0,0,0,0,0,0,0,4.75
0,0,0,0,0,0,1,0,0,0,0,0,4.9
0,0,0,0,0,0,1,0,0,0,0,0,4.9
0,0,0,0,0,0,1,0,0,0,0,0,4.91
1,0,0,0,0,0,0,0,0,0,0,0,4.97
0,0,0,0,0,0,0,0,0,0,1,0,4.96
0,0,1,0,0,0,0,0,0,0,0,0,4.93
0,0,0,0,0,0,0,0,0,0,0,1,4.89
0,1,0,0,0,0,0,0,0,0,0,0,4.82
0,1,0,0,0,0,0,0,0,0,0,0,4.86
0,1,0,0,0,0,0,0,0,0,0,0,4.91
0,0,0,0,0,0,0,0,0,1,0,0,4.9
0,0,0,0,0,0,1,0,0,0,0,0,4.63
0,0,0,0,0,0,1,0,0,0,0,0,4.83
0,0,0,0,0,0,0,0,0,0,1,0,4.91
0,0,0,0,0,0,1,0,0,0,0,0,5.0
0,0,0,0,0,0,0,0,0,0,0,1,4.95
0,1,0,0,0,0,0,0,0,0,0,0,4.77
0,1,0,0,0,0,0,0,0,0,0,0,4.86
1,0,0,0,0,0,0,0,0,0,0,0,4.89
0,1,0,0,0,0,0,0,0,0,0,0,4.8
0,0,0,0,0,0,0,0,0,0,0,1,4.88
0,0,0,0,0,0,0,0,0,0,0,1,4.91
0,0,0,0,0,0,1,0,0,0,0,0,5.0
0,0,0,0,0,0,1,0,0,0,0,0,4.71
0,1,0,0,0,0,0,0,0,0,0,0,4.9
0,0,0,0,1,0,0,0,0,0,0,0,4.82
0,0,0,0,0,0,0,0,0,0,0,1,4.25
0,0,0,0,0,1,0,0,0,0,0,0,4.88
0,0,0,0,1,0,0,0,0,0,0,0,4.97
0,1,0,0,0,0,0,0,0,0,0,0,5.0
0,0,1,0,0,0,0,0,0,0,0,0,4.39
0,0,0,0,0,0,0,1,0,0,0,0,4.83
0,0,0,0,0,0,0,0,0,0,0,1,4.87
0,0,0,0,0,0,0,0,0,0,0,1,4.81
0,0,0,0,0,0,0,0,0,0,1,0,4.58
0,0,0,0,0,0,1,0,0,0,0,0,5.0
0,0,0,0,1,0,0,0,0,0,0,0,4.75
1,0,0,0,0,0,0,0,0,0,0,0,4.38
1,0,0,0,0,0,0,0,0,0,0,0,4.86
0,0,0,0,0,1,0,0,0,0,0,0,4.83
1,0,0,0,0,0,0,0,0,0,0,0,4.56
0,1,0,0,0,0,0,0,0,0,0,0,4.85
0,1,0,0,0,0,0,0,0,0,0,0,4.79
0,0,0,0,0,1,0,0,0,0,0,0,4.88
0,1,0,0,0,0,0,0,0,0,0,0,4.93
1,0,0,0,0,0,0,0,0,0,0,0,4.45
0,0,0,0,0,1,0,0,0,0,0,0,4.2
0,0,0,0,0,0,1,0,0,0,0,0,4.89
0,0,0,0,0,0,0,1,0,0,0,0,4.78
0,0,0,0,0,0,0,0,0,0,1,0,4.89
0,1,0,0,0,0,0,0,0,0,0,0,5.0
0,0,0,0,0,0,1,0,0,0,0,0,4.8
1,0,0,0,0,0,0,0,0,0,0,0,5.0
1,0,0,0,0,0,0,0,0,0,0,0,4.48
0,1,0,0,0,0,0,0,0,0,0,0,4.79
0,0,0,0,0,1,0,0,0,0,0,0,5.0
0,0,0,0,1,0,0,0,0,0,0,0,4.83
0,0,0,0,1,0,0,0,0,0,0,0,4.89
0,0,0,0,0,1,0,0,0,0,0,0,4.93
0,1,0,0,0,0,0,0,0,0,0,0,4.63
0,0,0,0,1,0,0,0,0,0,0,0,4.95
0,0,0,0,0,1,0,0,0,0,0,0,5.0
0,0,0,0,0,0,0,0,0,0,1,0,4.53
0,1,0,0,0,0,0,0,0,0,0,0,4.91
0,1,0,0,0,0,0,0,0,0,0,0,4.66
0,1,0,0,0,0,0,0,0,0,0,0,4.93
0,1,0,0,0,0,0,0,0,0,0,0,4.76
0,0,0,0,1,0,0,0,0,0,0,0,4.94
0,0,0,0,0,0,0,0,0,0,0,1,4.84
0,1,0,0,0,0,0,0,0,0,0,0,4.7
0,0,0,0,0,0,0,0,1,0,0,0,4.64
0,0,0,0,0,1,0,0,0,0,0,0,4.44
0,1,0,0,0,0,0,0,0,0,0,0,4.98
0,1,0,0,0,0,0,0,0,0,0,0,4.72
1,0,0,0,0,0,0,0,0,0,0,0,4.97
0,0,0,0,0,0,0,0,0,1,0,0,4.71
0,0,0,0,1,0,0,0,0,0,0,0,4.93
0,1,0,0,0,0,0,0,0,0,0,0,4.5
0,0,0,0,0,1,0,0,0,0,0,0,4.71
0,1,0,0,0,0,0,0,0,0,0,0,4.98
1,0,0,0,0,0,0,0,0,0,0,0,5.0
0,1,0,0,0,0,0,0,0,0,0,0,5.0
0,0,0,0,1,0,0,0,0,0,0,0,4.93
0,0,0,0,0,1,0,0,0,0,0,0,5.0
0,0,0,0,0,0,0,0,0,0,0,1,4.64
0,0,0,0,0,1,0,0,0,0,0,0,5.0
0,0,0,0,1,0,0,0,0,0,0,0,4.87
0,0,0,0,0,0,0,1,0,0,0,0,5.0
0,0,0,0,0,0,0,0,0,0,0,1,4.92
0,0,0,0,0,0,0,0,0,1,0,0,4.92
0,0,0,0,0,1,0,0,0,0,0,0,4.9
0,0,0,0,0,0,1,0,0,0,0,0,4.9
0,1,0,0,0,0,0,0,0,0,0,0,4.88
0,0,0,0,0,0,0,0,0,1,0,0,5.0
0,0,0,0,0,0,0,0,0,1,0,0,5.0
1,0,0,0,0,0,0,0,0,0,0,0,5.0
0,0,0,0,0,1,0,0,0,0,0,0,4.71
0,0,0,0,0,0,1,0,0,0,0,0,4.91
0,0,0,0,0,1,0,0,0,0,0,0,5.0
0,0,0,0,1,0,0,0,0,0,0,0,4.87
0,0,0,0,0,0,1,0,0,0,0,0,4.93
0,0,0,0,0,0,1,0,0,0,0,0,5.0
0,1,0,0,0,0,0,0,0,0,0,0,4.88
0,1,0,0,0,0,0,0,0,0,0,0,4.8
0,1,0,0,0,0,0,0,0,0,0,0,4.78
0,0,0,0,0,0,0,0,0,0,1,0,4.44
1,0,0,0,0,0,0,0,0,0,0,0,4.21
1,0,0,0,0,0,0,0,0,0,0,0,4.43
0,0,0,0,0,0,0,0,1,0,0,0,5.0
0,0,0,0,0,1,0,0,0,0,0,0,4.52
0,0,0,0,0,1,0,0,0,0,0,0,4.43
0,0,0,0,0,0,1,0,0,0,0,0,4.78
0,0,0,0,1,0,0,0,0,0,0,0,4.68
0,0,0,0,1,0,0,0,0,0,0,0,5.0
0,0,0,0,1,0,0,0,0,0,0,0,5.0
0,0,0,0,1,0,0,0,0,0,0,0,4.42
0,0,0,0,0,0,0,0,0,0,1,0,5.0
0,0,0,0,0,0,1,0,0,0,0,0,5.0
0,0,0,0,0,0,1,0,0,0,0,0,4.79
0,1,0,0,0,0,0,0,0,0,0,0,4.63
1,0,0,0,0,0,0,0,0,0,0,0,5.0
1,0,0,0,0,0,0,0,0,0,0,0,4.33
0,0,0,0,0,0,0,0,0,0,0,1,4.55
0,0,1,0,0,0,0,0,0,0,0,0,4.8
0,0,0,0,0,0,0,0,0,0,0,1,4.8
0,1,0,0,0,0,0,0,0,0,0,0,4.91
0,1,0,0,0,0,0,0,0,0,0,0,4.98
0,0,0,0,1,0,0,0,0,0,0,0,4.73
0,0,0,0,0,0,1,0,0,0,0,0,4.8
0,0,0,0,1,0,0,0,0,0,0,0,4.82
0,0,0,0,0,1,0,0,0,0,0,0,4.77
0,0,0,0,0,1,0,0,0,0,0,0,4.95
0,1,0,0,0,0,0,0,0,0,0,0,5.0
0,1,0,0,0,0,0,0,0,0,0,0,4.8
1,0,0,0,0,0,0,0,0,0,0,0,4.83
0,0,0,0,0,0,1,0,0,0,0,0,4.98
1,0,0,0,0,0,0,0,0,0,0,0,4.5
1,0,0,0,0,0,0,0,0,0,0,0,4.83
1,0,0,0,0,0,0,0,0,0,0,0,4.6
1,0,0,0,0,0,0,0,0,0,0,0,4.92
0,0,0,0,0,0,0,0,1,0,0,0,4.97
0,0,0,0,0,1,0,0,0,0,0,0,4.97
0,0,0,0,0,1,0,0,0,0,0,0,4.78
0,0,0,0,1,0,0,0,0,0,0,0,4.91
0,0,0,0,0,0,0,0,0,0,1,0,4.82
0,0,0,0,0,0,1,0,0,0,0,0,4.67
0,0,0,0,0,0,0,1,0,0,0,0,4.89
0,0,0,0,0,0,0,0,0,0,1,0,4.82
0,1,0,0,0,0,0,0,0,0,0,0,4.4
0,1,0,0,0,0,0,0,0,0,0,0,4.57
0,0,0,0,0,1,0,0,0,0,0,0,4.87
0,0,0,0,0,0,1,0,0,0,0,0,5.0
0,1,0,0,0,0,0,0,0,0,0,0,4.87
0,0,0,0,0,0,0,0,0,0,1,0,4.78
0,0,0,0,0,0,0,0,0,0,0,1,5.0
0,0,0,0,0,1,0,0,0,0,0,0,4.64
0,0,0,0,0,0,1,0,0,0,0,0,4.96
0,0,0,0,0,0,0,0,0,1,0,0,4.96
0,0,1,0,0,0,0,0,0,0,0,0,4.91
0,0,0,0,0,1,0,0,0,0,0,0,4.94
0,0,0,0,0,1,0,0,0,0,0,0,4.77
1,0,0,0,0,0,0,0,0,0,0,0,4.69
0,0,0,0,0,0,0,0,0,0,0,1,4.61
0,0,0,0,0,1,0,0,0,0,0,0,3.2
0,0,0,0,0,0,1,0,0,0,0,0,4.93
0,0,0,0,1,0,0,0,0,0,0,0,4.72
0,0,0,0,1,0,0,0,0,0,0,0,4.44
0,0,0,0,1,0,0,0,0,0,0,0,4.46
0,0,0,0,1,0,0,0,0,0,0,0,4.67
0,0,0,0,0,0,1,0,0,0,0,0,4.55
0,0,0,0,0,0,1,0,0,0,0,0,4.22
0,0,0,0,0,0,1,0,0,0,0,0,3.75
0,0,0,0,0,0,1,0,0,0,0,0,4.25
0,0,0,0,0,0,1,0,0,0,0,0,3.8
0,0,0,0,0,0,1,0,0,0,0,0,4.48
0,1,0,0,0,0,0,0,0,0,0,0,4.43
0,1,0,0,0,0,0,0,0,0,0,0,4.97
0,1,0,0,0,0,0,0,0,0,0,0,4.54
0,0,0,0,1,0,0,0,0,0,0,0,5.0
0,0,0,0,0,1,0,0,0,0,0,0,4.92
0,0,0,0,0,1,0,0,0,0,0,0,5.0
0,1,0,0,0,0,0,0,0,0,0,0,4.96
0,0,0,0,1,0,0,0,0,0,0,0,5.0
0,0,0,0,0,1,0,0,0,0,0,0,4.9
0,0,1,0,0,0,0,0,0,0,0,0,4.88
0,0,0,0,1,0,0,0,0,0,0,0,4.62
0,0,0,0,1,0,0,0,0,0,0,0,5.0
0,0,0,0,1,0,0,0,0,0,0,0,3.75
0,0,0,0,1,0,0,0,0,0,0,0,4.67
0,0,0,0,1,0,0,0,0,0,0,0,4.77
0,0,0,0,0,0,1,0,0,0,0,0,4.61
0,0,0,0,0,0,1,0,0,0,0,0,4.65
0,0,0,0,0,0,1,0,0,0,0,0,4.54
0,0,0,0,0,0,1,0,0,0,0,0,4.73
0,0,0,0,0,0,1,0,0,0,0,0,4.66
0,0,0,0,0,0,1,0,0,0,0,0,4.69
0,0,0,0,0,0,1,0,0,0,0,0,4.43
0,0,0,0,0,0,1,0,0,0,0,0,4.18
0,0,0,0,0,0,1,0,0,0,0,0,4.7
0,0,0,0,0,0,1,0,0,0,0,0,3.67
0,0,0,0,0,0,1,0,0,0,0,0,4.41
0,0,0,0,0,0,1,0,0,0,0,0,4.54
0,0,0,0,0,0,1,0,0,0,0,0,4.5
0,0,0,0,0,0,1,0,0,0,0,0,4.31
0,0,0,0,1,0,0,0,0,0,0,0,4.7
0,0,0,0,1,0,0,0,0,0,0,0,4.61
0,0,0,0,1,0,0,0,0,0,0,0,4.7
0,0,0,0,0,0,0,0,0,1,0,0,5.0
1,0,0,0,0,0,0,0,0,0,0,0,4.93
0,0,0,0,0,0,0,0,0,1,0,0,4.0
0,0,0,0,0,0,0,0,0,1,0,0,4.96
1,0,0,0,0,0,0,0,0,0,0,0,4.8
0,0,0,0,0,0,0,1,0,0,0,0,5.0
0,0,0,0,0,0,0,0,0,0,0,1,4.89
0,0,0,0,0,0,1,0,0,0,0,0,5.0
0,1,0,0,0,0,0,0,0,0,0,0,4.86
0,0,0,0,0,1,0,0,0,0,0,0,4.2
0,0,0,0,0,1,0,0,0,0,0,0,4.13
0,1,0,0,0,0,0,0,0,0,0,0,4.95
0,0,0,0,0,1,0,0,0,0,0,0,4.87
1,0,0,0,0,0,0,0,0,0,0,0,4.59
1,0,0,0,0,0,0,0,0,0,0,0,4.66
1,0,0,0,0,0,0,0,0,0,0,0,4.75
1,0,0,0,0,0,0,0,0,0,0,0,4.71
1,0,0,0,0,0,0,0,0,0,0,0,4.78
1,0,0,0,0,0,0,0,0,0,0,0,4.73
1,0,0,0,0,0,0,0,0,0,0,0,4.15
0,0,0,0,0,0,1,0,0,0,0,0,4.62
0,1,0,0,0,0,0,0,0,0,0,0,5.0
0,0,0,0,0,0,1,0,0,0,0,0,4.93
0,0,1,0,0,0,0,0,0,0,0,0,5.0
0,1,0,0,0,0,0,0,0,0,0,0,5.0
0,0,0,0,0,0,1,0,0,0,0,0,4.93
0,1,0,0,0,0,0,0,0,0,0,0,4.97
0,1,0,0,0,0,0,0,0,0,0,0,4.86
0,0,0,0,0,0,1,0,0,0,0,0,4.51
0,1,0,0,0,0,0,0,0,0,0,0,4.84
0,1,0,0,0,0,0,0,0,0,0,0,4.99
0,0,0,0,0,0,1,0,0,0,0,0,5.0
0,0,1,0,0,0,0,0,0,0,0,0,4.84
0,1,0,0,0,0,0,0,0,0,0,0,5.0
1,0,0,0,0,0,0,0,0,0,0,0,4.25
0,0,0,0,1,0,0,0,0,0,0,0,4.96
0,1,0,0,0,0,0,0,0,0,0,0,4.96
0,1,0,0,0,0,0,0,0,0,0,0,4.86
0,0,1,0,0,0,0,0,0,0,0,0,4.7
0,1,0,0,0,0,0,0,0,0,0,0,5.0
0,0,0,0,0,0,0,0,0,1,0,0,3.5
0,1,0,0,0,0,0,0,0,0,0,0,4.89
1,0,0,0,0,0,0,0,0,0,0,0,5.0
0,0,0,0,1,0,0,0,0,0,0,0,4.79
1,0,0,0,0,0,0,0,0,0,0,0,4.92
0,1,0,0,0,0,0,0,0,0,0,0,4.98
0,0,0,0,0,0,0,0,0,1,0,0,4.82
0,0,0,0,0,0,0,0,0,1,0,0,4.87
0,1,0,0,0,0,0,0,0,0,0,0,5.0
0,0,0,0,0,0,0,0,1,0,0,0,4.87
0,0,0,0,0,0,1,0,0,0,0,0,4.94
0,0,0,0,0,0,1,0,0,0,0,0,4.67
1,0,0,0,0,0,0,0,0,0,0,0,4.9
0,0,0,0,0,0,1,0,0,0,0,0,4.76
1,0,0,0,0,0,0,0,0,0,0,0,4.83
0,0,0,0,0,0,1,0,0,0,0,0,4.67
0,0,0,0,0,0,1,0,0,0,0,0,4.74
0,0,0,0,0,0,1,0,0,0,0,0,5.0
0,0,0,0,0,0,0,0,0,0,0,1,4.5
0,0,0,0,0,1,0,0,0,0,0,0,4.75
0,0,0,0,0,0,1,0,0,0,0,0,5.0
0,0,1,0,0,0,0,0,0,0,0,0,5.0
0,0,0,0,0,0,1,0,0,0,0,0,4.69
0,0,0,0,1,0,0,0,0,0,0,0,4.87
0,0,0,0,0,0,1,0,0,0,0,0,4.81
0,0,0,0,0,0,1,0,0,0,0,0,4.82
0,0,0,0,0,0,1,0,0,0,0,0,4.74
0,1,0,0,0,0,0,0,0,0,0,0,4.97
0,0,0,1,0,0,0,0,0,0,0,0,4.8
0,0,0,0,0,0,0,0,0,1,0,0,4.92
0,0,0,0,0,0,0,0,0,0,1,0,5.0
0,0,0,0,1,0,0,0,0,0,0,0,4.88
0,1,0,0,0,0,0,0,0,0,0,0,4.67
0,0,0,0,0,0,0,0,0,0,0,1,4.85
0,0,0,0,0,0,0,0,0,0,1,0,4.92
0,0,0,0,1,0,0,0,0,0,0,0,4.94
0,1,0,0,0,0,0,0,0,0,0,0,4.65
0,1,0,0,0,0,0,0,0,0,0,0,4.6
0,1,0,0,0,0,0,0,0,0,0,0,4.66
0,1,0,0,0,0,0,0,0,0,0,0,4.67
0,1,0,0,0,0,0,0,0,0,0,0,4.61
0,1,0,0,0,0,0,0,0,0,0,0,4.72
1,0,0,0,0,0,0,0,0,0,0,0,4.57
0,0,0,0,0,1,0,0,0,0,0,0,5.0
0,0,0,0,0,1,0,0,0,0,0,0,5.0
0,0,0,0,0,0,1,0,0,0,0,0,5.0
0,0,0,0,0,0,0,0,0,0,0,1,4.88
0,0,0,0,0,0,1,0,0,0,0,0,4.97
1,0,0,0,0,0,0,0,0,0,0,0,4.56
0,0,0,0,0,0,0,0,0,0,1,0,4.88
0,0,0,0,0,0,1,0,0,0,0,0,4.88
0,0,0,0,0,0,1,0,0,0,0,0,3.67
0,0,0,0,0,0,0,0,0,0,0,1,4.85
1,0,0,0,0,0,0,0,0,0,0,0,4.95
0,0,0,0,1,0,0,0,0,0,0,0,5.0
0,0,1,0,0,0,0,0,0,0,0,0,4.86
0,0,0,0,0,0,0,0,0,0,1,0,3.67
0,0,0,0,0,0,0,0,0,0,1,0,4.0
0,0,0,0,0,0,0,0,0,0,1,0,4.67
0,0,0,0,0,0,0,0,0,0,1,0,4.8
0,0,0,0,0,0,0,0,0,0,1,0,4.33
0,0,0,0,0,0,0,0,0,0,1,0,4.17
0,0,0,0,1,0,0,0,0,0,0,0,4.89
0,0,0,0,0,0,0,0,0,0,1,0,4.88
0,0,0,0,0,0,0,0,0,0,1,0,4.61
0,0,0,0,0,0,1,0,0,0,0,0,5.0
0,0,0,0,1,0,0,0,0,0,0,0,4.91
0,0,0,0,1,0,0,0,0,0,0,0,4.58
0,0,0,0,1,0,0,0,0,0,0,0,4.91
0,0,0,0,0,0,1,0,0,0,0,0,4.97
0,0,0,0,1,0,0,0,0,0,0,0,4.59
0,1,0,0,0,0,0,0,0,0,0,0,4.94
0,0,0,0,1,0,0,0,0,0,0,0,5.0
0,0,0,0,1,0,0,0,0,0,0,0,4.08
0,0,0,0,0,0,1,0,0,0,0,0,4.88
0,0,0,0,1,0,0,0,0,0,0,0,4.59
0,0,0,0,1,0,0,0,0,0,0,0,4.33
0,0,0,0,1,0,0,0,0,0,0,0,4.45
0,0,0,0,0,0,0,0,0,0,1,0,4.92
0,0,0,0,1,0,0,0,0,0,0,0,4.75
0,0,1,0,0,0,0,0,0,0,0,0,5.0
0,1,0,0,0,0,0,0,0,0,0,0,4.84
0,0,0,0,0,0,0,0,0,0,0,1,4.92
0,1,0,0,0,0,0,0,0,0,0,0,4.94
0,1,0,0,0,0,0,0,0,0,0,0,4.66
0,1,0,0,0,0,0,0,0,0,0,0,4.71
1,0,0,0,0,0,0,0,0,0,0,0,5.0
0,1,0,0,0,0,0,0,0,0,0,0,5.0
0,0,0,0,0,0,1,0,0,0,0,0,4.75
0,0,0,0,1,0,0,0,0,0,0,0,4.6
0,0,0,0,0,0,0,0,0,0,1,0,5.0
0,0,0,0,0,1,0,0,0,0,0,0,4.93
0,0,0,0,0,0,1,0,0,0,0,0,4.91
0,0,0,0,0,0,0,0,0,0,0,1,5.0
0,1,0,0,0,0,0,0,0,0,0,0,5.0
0,0,0,0,0,1,0,0,0,0,0,0,4.38
0,0,0,0,0,0,1,0,0,0,0,0,4.27
0,0,0,0,0,1,0,0,0,0,0,0,4.38
0,0,0,0,0,0,1,0,0,0,0,0,4.9
0,0,0,0,0,0,1,0,0,0,0,0,4.25
0,0,0,0,0,0,1,0,0,0,0,0,4.95
0,1,0,0,0,0,0,0,0,0,0,0,5.0
0,0,0,0,0,0,0,0,0,0,1,0,5.0
0,0,0,0,0,0,0,0,0,0,0,1,4.93
0,0,0,0,0,1,0,0,0,0,0,0,4.94
0,0,0,0,0,0,0,0,0,0,0,1,4.96
0,1,0,0,0,0,0,0,0,0,0,0,4.86
0,0,0,0,0,0,1,0,0,0,0,0,4.98
0,1,0,0,0,0,0,0,0,0,0,0,4.97
0,0,0,0,0,0,0,0,0,0,1,0,4.98
0,1,0,0,0,0,0,0,0,0,0,0,4.98
0,1,0,0,0,0,0,0,0,0,0,0,4.72
0,0,0,0,0,0,1,0,0,0,0,0,4.95
0,0,0,0,0,0,0,0,0,0,0,1,4.8
0,1,0,0,0,0,0,0,0,0,0,0,5.0
0,1,0,0,0,0,0,0,0,0,0,0,5.0
0,0,0,0,0,1,0,0,0,0,0,0,4.67
1,0,0,0,0,0,0,0,0,0,0,0,4.81
0,0,0,0,0,0,1,0,0,0,0,0,4.98
0,1,0,0,0,0,0,0,0,0,0,0,4.13
0,0,0,0,0,0,1,0,0,0,0,0,5.0
0,1,0,0,0,0,0,0,0,0,0,0,5.0
0,1,0,0,0,0,0,0,0,0,0,0,4.53
0,0,0,0,0,0,0,0,0,0,1,0,4.88
0,1,0,0,0,0,0,0,0,0,0,0,4.5
0,1,0,0,0,0,0,0,0,0,0,0,4.37
0,0,0,0,0,0,0,0,0,1,0,0,4.4
0,0,0,0,0,1,0,0,0,0,0,0,4.5
0,0,0,0,0,0,1,0,0,0,0,0,4.87
0,0,0,0,0,0,1,0,0,0,0,0,4.84
0,0,0,0,0,0,0,0,0,1,0,0,4.73
0,0,0,0,0,0,1,0,0,0,0,0,4.89
0,1,0,0,0,0,0,0,0,0,0,0,4.83
0,1,0,0,0,0,0,0,0,0,0,0,5.0
0,0,0,0,0,1,0,0,0,0,0,0,4.5
0,0,0,0,0,1,0,0,0,0,0,0,5.0
1,0,0,0,0,0,0,0,0,0,0,0,4.94
0,0,0,0,0,0,0,0,0,0,0,1,4.5
0,1,0,0,0,0,0,0,0,0,0,0,4.86
0,1,0,0,0,0,0,0,0,0,0,0,4.51
0,1,0,0,0,0,0,0,0,0,0,0,4.54
0,1,0,0,0,0,0,0,0,0,0,0,4.51
0,0,0,0,0,0,0,0,0,0,1,0,4.91
0,0,0,0,0,0,1,0,0,0,0,0,4.86
0,1,0,0,0,0,0,0,0,0,0,0,5.0
0,0,0,0,1,0,0,0,0,0,0,0,4.8
0,1,0,0,0,0,0,0,0,0,0,0,5.0
1,0,0,0,0,0,0,0,0,0,0,0,4.72
0,0,0,0,0,0,0,1,0,0,0,0,4.5
0,1,0,0,0,0,0,0,0,0,0,0,4.95
0,0,0,0,1,0,0,0,0,0,0,0,4.97
0,1,0,0,0,0,0,0,0,0,0,0,4.76
0,0,0,0,1,0,0,0,0,0,0,0,4.98
0,0,0,0,1,0,0,0,0,0,0,0,5.0
0,0,0,0,1,0,0,0,0,0,0,0,4.82
0,1,0,0,0,0,0,0,0,0,0,0,4.58
0,0,0,0,0,0,1,0,0,0,0,0,4.78
0,1,0,0,0,0,0,0,0,0,0,0,4.83
0,1,0,0,0,0,0,0,0,0,0,0,5.0
0,0,0,0,0,1,0,0,0,0,0,0,4.92
0,0,0,0,1,0,0,0,0,0,0,0,4.89
0,0,0,0,1,0,0,0,0,0,0,0,4.87
0,1,0,0,0,0,0,0,0,0,0,0,4.93
0,0,0,0,0,0,0,0,0,0,1,0,4.96
0,0,0,0,0,1,0,0,0,0,0,0,4.94
0,0,0,0,1,0,0,0,0,0,0,0,4.0
0,0,0,0,0,0,1,0,0,0,0,0,5.0
0,1,0,0,0,0,0,0,0,0,0,0,5.0
0,0,0,0,0,0,1,0,0,0,0,0,4.56
0,0,0,0,0,1,0,0,0,0,0,0,4.94
0,0,0,0,0,0,0,0,0,0,0,1,4.6
0,0,0,0,1,0,0,0,0,0,0,0,4.91
0,0,0,0,0,0,0,0,0,0,1,0,4.87
0,0,0,0,1,0,0,0,0,0,0,0,4.87
0,0,0,0,1,0,0,0,0,0,0,0,4.76
0,0,0,0,0,1,0,0,0,0,0,0,4.13
0,0,0,0,0,1,0,0,0,0,0,0,4.49
0,0,0,0,0,1,0,0,0,0,0,0,4.38
0,0,0,0,0,0,0,0,0,0,0,1,4.96
0,0,1,0,0,0,0,0,0,0,0,0,4.98
0,0,0,0,1,0,0,0,0,0,0,0,4.94
0,1,0,0,0,0,0,0,0,0,0,0,4.75
0,0,0,0,1,0,0,0,0,0,0,0,4.58
0,1,0,0,0,0,0,0,0,0,0,0,4.86
0,0,0,1,0,0,0,0,0,0,0,0,5.0
0,0,0,1,0,0,0,0,0,0,0,0,4.88
0,0,0,0,1,0,0,0,0,0,0,0,4.98
0,0,1,0,0,0,0,0,0,0,0,0,4.83
0,0,0,0,0,1,0,0,0,0,0,0,4.94
0,0,0,0,0,0,0,0,0,1,0,0,4.91
1,0,0,0,0,0,0,0,0,0,0,0,4.87
0,0,0,0,0,0,0,0,0,0,0,1,4.89
0,1,0,0,0,0,0,0,0,0,0,0,4.75
0,1,0,0,0,0,0,0,0,0,0,0,4.81
0,1,0,0,0,0,0,0,0,0,0,0,4.92
0,0,0,0,1,0,0,0,0,0,0,0,4.85
0,0,0,0,0,0,1,0,0,0,0,0,4.99
0,0,0,0,1,0,0,0,0,0,0,0,4.85
0,1,0,0,0,0,0,0,0,0,0,0,4.93
0,0,0,0,0,0,0,0,0,0,0,1,4.93
0,0,0,0,1,0,0,0,0,0,0,0,4.67
1,0,0,0,0,0,0,0,0,0,0,0,4.83
0,0,0,0,1,0,0,0,0,0,0,0,5.0
0,0,0,0,0,0,0,0,0,0,1,0,4.71
0,0,0,0,1,0,0,0,0,0,0,0,5.0
0,1,0,0,0,0,0,0,0,0,0,0,5.0
0,0,0,0,0,0,0,0,0,0,0,1,4.8
0,1,0,0,0,0,0,0,0,0,0,0,4.91
0,1,0,0,0,0,0,0,0,0,0,0,5.0
0,0,0,0,0,1,0,0,0,0,0,0,5.0
0,0,0,0,0,0,0,0,1,0,0,0,4.89
0,1,0,0,0,0,0,0,0,0,0,0,4.92
0,1,0,0,0,0,0,0,0,0,0,0,5.0
0,0,0,0,1,0,0,0,0,0,0,0,4.95
0,1,0,0,0,0,0,0,0,0,0,0,5.0
0,1,0,0,0,0,0,0,0,0,0,0,5.0
1,0,0,0,0,0,0,0,0,0,0,0,5.0
0,0,0,0,0,0,1,0,0,0,0,0,4.85
0,0,0,0,0,0,0,0,0,0,0,1,4.72
0,0,0,0,1,0,0,0,0,0,0,0,4.81
0,0,0,0,0,0,1,0,0,0,0,0,4.95
0,0,0,0,1,0,0,0,0,0,0,0,5.0
0,0,0,0,1,0,0,0,0,0,0,0,5.0
0,0,0,0,0,1,0,0,0,0,0,0,5.0
0,1,0,0,0,0,0,0,0,0,0,0,4.94
0,0,0,0,1,0,0,0,0,0,0,0,5.0
0,0,0,0,0,0,1,0,0,0,0,0,4.96
0,0,0,0,1,0,0,0,0,0,0,0,4.86
0,0,0,0,0,1,0,0,0,0,0,0,4.91
0,1,0,0,0,0,0,0,0,0,0,0,4.48
0,0,0,0,1,0,0,0,0,0,0,0,4.5
0,0,0,0,1,0,0,0,0,0,0,0,5.0
1,0,0,0,0,0,0,0,0,0,0,0,4.88
0,0,0,0,0,0,0,0,1,0,0,0,4.72
0,0,0,0,1,0,0,0,0,0,0,0,4.75
0,0,0,0,0,1,0,0,0,0,0,0,4.9
0,0,0,0,0,0,0,0,0,0,0,1,4.93
1,0,0,0,0,0,0,0,0,0,0,0,4.88
0,0,0,0,1,0,0,0,0,0,0,0,4.75
0,1,0,0,0,0,0,0,0,0,0,0,4.96
0,0,0,0,0,0,0,0,0,0,0,1,5.0
0,0,0,0,1,0,0,0,0,0,0,0,4.14
0,0,0,0,0,0,1,0,0,0,0,0,4.93
0,0,0,0,0,0,0,0,0,0,0,1,5.0
0,0,0,0,0,0,1,0,0,0,0,0,5.0
0,0,0,0,0,0,0,0,0,0,0,1,4.73
0,0,0,0,0,0,1,0,0,0,0,0,5.0
0,0,0,0,0,0,1,0,0,0,0,0,4.75
0,1,0,0,0,0,0,0,0,0,0,0,5.0
0,1,0,0,0,0,0,0,0,0,0,0,4.86
0,0,0,0,0,0,0,1,0,0,0,0,4.89
0,0,0,0,0,0,0,0,1,0,0,0,4.93
0,0,0,0,0,0,1,0,0,0,0,0,4.73
0,0,0,0,0,0,1,0,0,0,0,0,4.88
0,0,0,0,0,0,1,0,0,0,0,0,3.71
0,0,0,0,0,0,1,0,0,0,0,0,4.78
0,0,0,0,0,0,1,0,0,0,0,0,4.51
0,0,0,0,0,0,1,0,0,0,0,0,4.71
1,0,0,0,0,0,0,0,0,0,0,0,4.94
0,1,0,0,0,0,0,0,0,0,0,0,5.0
0,0,0,0,0,0,1,0,0,0,0,0,5.0
0,1,0,0,0,0,0,0,0,0,0,0,4.93
0,1,0,0,0,0,0,0,0,0,0,0,4.92
0,0,0,0,0,0,0,1,0,0,0,0,5.0
0,0,0,0,0,1,0,0,0,0,0,0,4.57
0,0,0,0,1,0,0,0,0,0,0,0,4.98
0,0,0,0,1,0,0,0,0,0,0,0,4.61
0,1,0,0,0,0,0,0,0,0,0,0,4.9
0,0,0,0,0,0,0,0,0,0,1,0,4.99
0,0,0,0,1,0,0,0,0,0,0,0,4.89
0,0,0,0,0,0,0,0,0,0,1,0,3.67
0,0,1,0,0,0,0,0,0,0,0,0,4.93
0,0,0,0,0,0,1,0,0,0,0,0,4.93
0,1,0,0,0,0,0,0,0,0,0,0,4.95
0,0,0,0,0,1,0,0,0,0,0,0,4.78
0,1,0,0,0,0,0,0,0,0,0,0,5.0
0,0,0,0,1,0,0,0,0,0,0,0,4.87
1,0,0,0,0,0,0,0,0,0,0,0,5.0
0,0,0,0,1,0,0,0,0,0,0,0,4.48
0,0,0,0,0,0,1,0,0,0,0,0,5.0
0,0,0,0,1,0,0,0,0,0,0,0,4.44
0,0,0,0,0,0,1,0,0,0,0,0,4.63
0,1,0,0,0,0,0,0,0,0,0,0,4.63
1,0,0,0,0,0,0,0,0,0,0,0,4.82
0,1,0,0,0,0,0,0,0,0,0,0,4.72
0,0,0,0,1,0,0,0,0,0,0,0,4.9
0,0,1,0,0,0,0,0,0,0,0,0,4.87
0,0,0,0,0,1,0,0,0,0,0,0,4.93
0,0,0,0,0,0,0,0,0,1,0,0,4.86
0,0,0,0,0,0,0,0,0,0,0,1,4.95
0,0,0,0,0,0,1,0,0,0,0,0,4.94
0,0,0,0,1,0,0,0,0,0,0,0,4.85
1,0,0,0,0,0,0,0,0,0,0,0,4.57
1,0,0,0,0,0,0,0,0,0,0,0,4.4
1,0,0,0,0,0,0,0,0,0,0,0,4.5
1,0,0,0,0,0,0,0,0,0,0,0,4.25
0,1,0,0,0,0,0,0,0,0,0,0,4.91
0,0,0,0,0,1,0,0,0,0,0,0,4.67
0,1,0,0,0,0,0,0,0,0,0,0,5.0
0,1,0,0,0,0,0,0,0,0,0,0,4.78
0,0,0,0,1,0,0,0,0,0,0,0,4.88
0,0,0,0,0,0,0,0,0,0,1,0,4.89
0,1,0,0,0,0,0,0,0,0,0,0,4.94
0,0,0,0,0,0,0,0,0,0,0,1,4.76
0,1,0,0,0,0,0,0,0,0,0,0,5.0
1,0,0,0,0,0,0,0,0,0,0,0,4.98
1,0,0,0,0,0,0,0,0,0,0,0,4.89
0,0,0,0,0,0,1,0,0,0,0,0,4.75
0,0,0,0,0,0,1,0,0,0,0,0,4.86
0,0,0,0,0,0,1,0,0,0,0,0,4.96
0,1,0,0,0,0,0,0,0,0,0,0,4.46
0,1,0,0,0,0,0,0,0,0,0,0,4.8
1,0,0,0,0,0,0,0,0,0,0,0,4.25
0,0,1,0,0,0,0,0,0,0,0,0,4.87
0,1,0,0,0,0,0,0,0,0,0,0,4.98
0,0,0,0,0,0,1,0,0,0,0,0,5.0
0,0,0,0,0,0,1,0,0,0,0,0,4.88
0,1,0,0,0,0,0,0,0,0,0,0,4.75
0,0,0,0,0,1,0,0,0,0,0,0,4.65
0,0,0,0,0,0,0,0,0,0,0,1,4.62
0,0,0,0,1,0,0,0,0,0,0,0,4.9
0,0,0,0,0,0,1,0,0,0,0,0,4.75
0,0,0,0,0,1,0,0,0,0,0,0,5.0
0,1,0,0,0,0,0,0,0,0,0,0,4.88
0,0,0,0,1,0,0,0,0,0,0,0,4.37
0,0,0,0,0,0,0,1,0,0,0,0,4.75
0,0,0,0,1,0,0,0,0,0,0,0,4.82
0,0,0,0,0,0,1,0,0,0,0,0,4.84
0,1,0,0,0,0,0,0,0,0,0,0,4.8
0,0,0,0,0,0,0,0,0,0,0,1,5.0
0,0,0,0,0,0,0,0,0,0,1,0,4.98
0,1,0,0,0,0,0,0,0,0,0,0,4.91
0,0,0,0,0,1,0,0,0,0,0,0,5.0
1,0,0,0,0,0,0,0,0,0,0,0,4.61
1,0,0,0,0,0,0,0,0,0,0,0,4.82
1,0,0,0,0,0,0,0,0,0,0,0,5.0
0,1,0,0,0,0,0,0,0,0,0,0,4.9
0,0,0,0,0,0,1,0,0,0,0,0,4.66
0,0,0,0,0,0,1,0,0,0,0,0,4.82
0,1,0,0,0,0,0,0,0,0,0,0,4.83
0,0,0,0,1,0,0,0,0,0,0,0,4.95
0,1,0,0,0,0,0,0,0,0,0,0,5.0
1,0,0,0,0,0,0,0,0,0,0,0,5.0
0,0,0,0,1,0,0,0,0,0,0,0,4.0
1,0,0,0,0,0,0,0,0,0,0,0,4.9
0,0,0,0,0,1,0,0,0,0,0,0,4.75
0,1,0,0,0,0,0,0,0,0,0,0,4.93
1,0,0,0,0,0,0,0,0,0,0,0,5.0
0,0,0,0,0,0,1,0,0,0,0,0,4.88
0,0,0,0,1,0,0,0,0,0,0,0,4.51
0,0,0,0,1,0,0,0,0,0,0,0,4.42
0,0,0,0,1,0,0,0,0,0,0,0,4.33
0,0,0,0,1,0,0,0,0,0,0,0,4.42
0,0,0,0,0,0,1,0,0,0,0,0,4.22
0,1,0,0,0,0,0,0,0,0,0,0,4.92
0,1,0,0,0,0,0,0,0,0,0,0,4.89
0,1,0,0,0,0,0,0,0,0,0,0,4.8
0,0,0,0,0,0,0,0,0,0,0,1,4.89
0,0,0,0,0,0,0,0,0,0,1,0,4.95
0,0,0,0,0,1,0,0,0,0,0,0,4.91
0,0,1,0,0,0,0,0,0,0,0,0,4.72
0,0,0,0,0,0,1,0,0,0,0,0,4.17
0,0,0,0,0,0,0,0,0,1,0,0,4.86
0,0,0,0,0,0,0,0,0,0,0,1,4.98
0,0,0,0,0,0,0,0,0,0,1,0,4.77
0,0,0,0,0,0,1,0,0,0,0,0,5.0
0,0,0,0,0,0,1,0,0,0,0,0,5.0
1,0,0,0,0,0,0,0,0,0,0,0,4.85
0,0,0,0,1,0,0,0,0,0,0,0,4.75
0,1,0,0,0,0,0,0,0,0,0,0,4.8
0,1,0,0,0,0,0,0,0,0,0,0,4.86
0,0,0,0,1,0,0,0,0,0,0,0,4.21
0,1,0,0,0,0,0,0,0,0,0,0,4.61
1,0,0,0,0,0,0,0,0,0,0,0,4.71
0,0,0,0,0,0,0,0,0,0,1,0,4.9
0,0,0,0,0,0,0,0,0,0,1,0,4.82
0,0,0,0,0,0,1,0,0,0,0,0,4.5
0,0,0,0,1,0,0,0,0,0,0,0,4.96
0,0,0,0,0,1,0,0,0,0,0,0,4.86
0,0,0,0,0,0,0,0,0,0,1,0,5.0
1,0,0,0,0,0,0,0,0,0,0,0,4.78
0,0,0,0,0,0,0,0,0,0,1,0,5.0
0,0,1,0,0,0,0,0,0,0,0,0,4.86
0,0,0,0,0,0,1,0,0,0,0,0,4.92
0,0,0,0,0,0,0,0,0,0,1,0,4.86
0,0,1,0,0,0,0,0,0,0,0,0,4.39
0,0,0,0,0,0,1,0,0,0,0,0,4.86
0,0,0,0,1,0,0,0,0,0,0,0,5.0
0,0,0,0,0,0,0,0,0,0,1,0,5.0
0,0,0,0,1,0,0,0,0,0,0,0,4.88
0,0,0,0,0,1,0,0,0,0,0,0,4.98
0,1,0,0,0,0,0,0,0,0,0,0,4.96
0,0,0,0,0,0,1,0,0,0,0,0,5.0
0,0,0,0,1,0,0,0,0,0,0,0,4.89
1,0,0,0,0,0,0,0,0,0,0,0,4.9
0,0,0,0,0,0,0,0,0,0,1,0,4.82
0,0,0,0,0,0,0,0,0,0,0,1,4.7
0,0,0,0,0,0,0,0,0,0,0,1,4.74
0,0,0,0,0,0,0,0,0,0,0,1,4.6
0,0,0,0,0,0,0,0,0,0,0,1,4.62
0,0,0,0,0,0,0,0,0,1,0,0,4.32
0,0,0,0,0,0,1,0,0,0,0,0,4.94
0,0,0,0,1,0,0,0,0,0,0,0,4.89
0,0,0,0,0,0,1,0,0,0,0,0,5.0
0,0,0,0,0,0,0,1,0,0,0,0,4.78
0,0,0,0,0,1,0,0,0,0,0,0,4.97
0,1,0,0,0,0,0,0,0,0,0,0,5.0
0,1,0,0,0,0,0,0,0,0,0,0,4.69
1,0,0,0,0,0,0,0,0,0,0,0,4.96
0,0,0,0,0,0,0,0,1,0,0,0,4.69
0,0,0,0,0,0,0,1,0,0,0,0,4.95
0,0,0,0,1,0,0,0,0,0,0,0,4.91
0,1,0,0,0,0,0,0,0,0,0,0,4.69
0,0,0,0,0,0,1,0,0,0,0,0,4.94
0,0,0,0,1,0,0,0,0,0,0,0,4.35
0,0,0,0,0,0,1,0,0,0,0,0,4.83
0,0,0,0,1,0,0,0,0,0,0,0,4.41
1,0,0,0,0,0,0,0,0,0,0,0,4.86
0,0,0,0,0,0,0,0,0,0,1,0,4.5
0,0,0,0,0,1,0,0,0,0,0,0,5.0
0,0,0,0,1,0,0,0,0,0,0,0,4.32
0,0,0,0,1,0,0,0,0,0,0,0,4.37
0,1,0,0,0,0,0,0,0,0,0,0,4.97
0,0,0,0,0,0,1,0,0,0,0,0,5.0
0,0,0,0,0,1,0,0,0,0,0,0,5.0
0,0,0,0,0,0,1,0,0,0,0,0,4.67
0,0,1,0,0,0,0,0,0,0,0,0,5.0
1,0,0,0,0,0,0,0,0,0,0,0,4.82
0,0,1,0,0,0,0,0,0,0,0,0,4.75
0,0,1,0,0,0,0,0,0,0,0,0,5.0
0,0,0,0,0,1,0,0,0,0,0,0,4.95
0,0,0,0,0,0,0,0,0,0,1,0,4.92
0,0,0,0,0,0,0,0,0,0,1,0,4.83
0,0,1,0,0,0,0,0,0,0,0,0,4.78
0,1,0,0,0,0,0,0,0,0,0,0,4.92
0,0,0,0,0,1,0,0,0,0,0,0,4.91
0,0,0,0,1,0,0,0,0,0,0,0,4.9
0,0,0,0,1,0,0,0,0,0,0,0,4.85
1,0,0,0,0,0,0,0,0,0,0,0,4.85
0,0,0,0,1,0,0,0,0,0,0,0,4.88
0,0,0,0,0,0,0,1,0,0,0,0,4.86
0,1,0,0,0,0,0,0,0,0,0,0,4.89
0,1,0,0,0,0,0,0,0,0,0,0,4.96
0,0,0,0,0,0,0,1,0,0,0,0,5.0
0,1,0,0,0,0,0,0,0,0,0,0,4.92
0,1,0,0,0,0,0,0,0,0,0,0,5.0
0,0,0,0,0,0,1,0,0,0,0,0,4.86
0,1,0,0,0,0,0,0,0,0,0,0,4.6
0,0,0,0,1,0,0,0,0,0,0,0,4.43
0,0,0,0,0,0,1,0,0,0,0,0,5.0
0,0,0,0,1,0,0,0,0,0,0,0,4.57
1,0,0,0,0,0,0,0,0,0,0,0,4.7
1,0,0,0,0,0,0,0,0,0,0,0,4.78
1,0,0,0,0,0,0,0,0,0,0,0,4.73
1,0,0,0,0,0,0,0,0,0,0,0,4.66
0,0,0,0,1,0,0,0,0,0,0,0,4.93
0,0,0,0,0,0,0,0,0,1,0,0,4.78
0,0,0,0,1,0,0,0,0,0,0,0,4.77
0,0,0,0,1,0,0,0,0,0,0,0,4.86
0,0,0,0,0,0,0,0,0,0,1,0,4.89
0,0,0,0,0,0,0,0,0,0,0,1,4.88
0,0,0,0,0,1,0,0,0,0,0,0,5.0
0,0,0,0,0,0,1,0,0,0,0,0,3.86
0,0,0,0,1,0,0,0,0,0,0,0,4.92
0,1,0,0,0,0,0,0,0,0,0,0,4.94
0,1,0,0,0,0,0,0,0,0,0,0,4.76
0,1,0,0,0,0,0,0,0,0,0,0,4.9
0,0,0,0,0,0,0,0,1,0,0,0,4.7
0,0,0,0,1,0,0,0,0,0,0,0,4.86
0,0,0,0,1,0,0,0,0,0,0,0,4.83
0,0,0,0,1,0,0,0,0,0,0,0,4.96
0,0,0,0,0,1,0,0,0,0,0,0,4.81
0,0,0,0,0,0,1,0,0,0,0,0,5.0
0,1,0,0,0,0,0,0,0,0,0,0,4.87
0,0,0,0,1,0,0,0,0,0,0,0,4.5
0,1,0,0,0,0,0,0,0,0,0,0,5.0
1,0,0,0,0,0,0,0,0,0,0,0,4.79
0,0,0,0,1,0,0,0,0,0,0,0,4.9
0,1,0,0,0,0,0,0,0,0,0,0,4.83
0,0,0,0,1,0,0,0,0,0,0,0,4.65
0,0,0,0,0,0,0,0,0,1,0,0,4.75
0,0,0,0,0,0,1,0,0,0,0,0,4.62
1,0,0,0,0,0,0,0,0,0,0,0,4.75
0,1,0,0,0,0,0,0,0,0,0,0,4.8
0,1,0,0,0,0,0,0,0,0,0,0,5.0
0,0,0,0,0,0,1,0,0,0,0,0,5.0
0,0,0,0,1,0,0,0,0,0,0,0,4.9
0,0,0,0,0,1,0,0,0,0,0,0,5.0
0,0,0,0,1,0,0,0,0,0,0,0,4.86
0,0,0,0,0,0,1,0,0,0,0,0,4.79
0,1,0,0,0,0,0,0,0,0,0,0,4.69
0,1,0,0,0,0,0,0,0,0,0,0,4.63
0,0,0,0,0,0,0,0,0,0,0,1,5.0
1,0,0,0,0,0,0,0,0,0,0,0,4.97
0,0,0,0,0,1,0,0,0,0,0,0,4.91
0,1,0,0,0,0,0,0,0,0,0,0,4.65
0,1,0,0,0,0,0,0,0,0,0,0,4.63
0,0,1,0,0,0,0,0,0,0,0,0,4.94
0,0,0,0,0,0,1,0,0,0,0,0,5.0
0,1,0,0,0,0,0,0,0,0,0,0,4.68
0,1,0,0,0,0,0,0,0,0,0,0,4.42
0,1,0,0,0,0,0,0,0,0,0,0,4.5
0,1,0,0,0,0,0,0,0,0,0,0,4.81
0,1,0,0,0,0,0,0,0,0,0,0,4.96
0,0,0,0,0,0,1,0,0,0,0,0,4.98
0,1,0,0,0,0,0,0,0,0,0,0,4.9
0,0,0,0,0,0,0,0,0,0,0,1,4.87
0,0,1,0,0,0,0,0,0,0,0,0,4.82
1,0,0,0,0,0,0,0,0,0,0,0,4.92
0,0,0,0,0,1,0,0,0,0,0,0,5.0
0,1,0,0,0,0,0,0,0,0,0,0,4.79
0,1,0,0,0,0,0,0,0,0,0,0,5.0
0,0,0,0,0,0,1,0,0,0,0,0,4.86
0,0,0,0,0,0,0,0,0,0,0,1,5.0
0,1,0,0,0,0,0,0,0,0,0,0,4.76
0,0,0,0,0,0,1,0,0,0,0,0,4.8
0,0,0,0,0,1,0,0,0,0,0,0,5.0
0,0,0,0,0,0,0,0,1,0,0,0,4.96
0,0,0,0,0,0,0,0,0,1,0,0,4.78
0,0,0,0,0,0,1,0,0,0,0,0,4.94
1,0,0,0,0,0,0,0,0,0,0,0,4.78
0,0,0,0,0,0,0,0,0,0,1,0,5.0
0,0,0,0,1,0,0,0,0,0,0,0,5.0
0,0,0,0,0,1,0,0,0,0,0,0,4.86
0,0,0,0,1,0,0,0,0,0,0,0,4.93
1,0,0,0,0,0,0,0,0,0,0,0,5.0
0,0,0,0,0,0,1,0,0,0,0,0,4.38
0,0,0,0,0,0,1,0,0,0,0,0,4.9
0,1,0,0,0,0,0,0,0,0,0,0,5.0
0,1,0,0,0,0,0,0,0,0,0,0,5.0
0,0,0,0,0,0,1,0,0,0,0,0,4.69
0,0,0,0,1,0,0,0,0,0,0,0,4.73
0,0,0,0,0,1,0,0,0,0,0,0,4.75
0,0,0,0,0,0,0,0,0,0,0,1,4.94
0,0,0,0,1,0,0,0,0,0,0,0,4.89
0,0,0,0,0,1,0,0,0,0,0,0,5.0
1,0,0,0,0,0,0,0,0,0,0,0,4.45
0,0,0,0,0,1,0,0,0,0,0,0,4.74
0,0,0,0,1,0,0,0,0,0,0,0,5.0
0,0,0,0,0,0,0,0,0,1,0,0,4.84
0,1,0,0,0,0,0,0,0,0,0,0,4.65
0,0,1,0,0,0,0,0,0,0,0,0,4.77
0,0,0,0,0,1,0,0,0,0,0,0,4.95
0,1,0,0,0,0,0,0,0,0,0,0,5.0
0,0,0,0,0,1,0,0,0,0,0,0,5.0
0,0,0,0,0,1,0,0,0,0,0,0,4.97
1,0,0,0,0,0,0,0,0,0,0,0,4.97
0,0,0,0,0,0,1,0,0,0,0,0,5.0
1,0,0,0,0,0,0,0,0,0,0,0,4.77
1,0,0,0,0,0,0,0,0,0,0,0,4.63
0,0,0,0,0,0,0,0,0,0,1,0,4.86
1,0,0,0,0,0,0,0,0,0,0,0,4.74
0,0,0,0,1,0,0,0,0,0,0,0,4.87
0,0,1,0,0,0,0,0,0,0,0,0,4.42
1,0,0,0,0,0,0,0,0,0,0,0,4.85
0,0,0,0,1,0,0,0,0,0,0,0,4.67
0,0,0,0,0,0,0,0,0,1,0,0,4.97
0,0,1,0,0,0,0,0,0,0,0,0,5.0
0,1,0,0,0,0,0,0,0,0,0,0,4.58
0,0,0,0,0,0,0,1,0,0,0,0,4.92
0,1,0,0,0,0,0,0,0,0,0,0,4.98
0,0,0,0,0,0,0,0,0,0,1,0,4.93
0,0,0,0,1,0,0,0,0,0,0,0,4.71
0,0,0,0,1,0,0,0,0,0,0,0,4.78
0,0,0,0,0,0,0,0,0,0,1,0,4.65
0,0,0,0,0,0,1,0,0,0,0,0,4.88
0,1,0,0,0,0,0,0,0,0,0,0,4.28
0,0,0,0,0,0,1,0,0,0,0,0,4.79
0,1,0,0,0,0,0,0,0,0,0,0,4.9
0,0,0,0,0,0,0,0,0,1,0,0,4.71
0,0,0,0,0,0,1,0,0,0,0,0,4.54
0,0,0,0,0,0,1,0,0,0,0,0,4.57
0,0,1,0,0,0,0,0,0,0,0,0,4.8
0,0,0,0,1,0,0,0,0,0,0,0,4.92
0,0,0,0,1,0,0,0,0,0,0,0,4.87
0,0,0,0,0,0,1,0,0,0,0,0,4.9
1,0,0,0,0,0,0,0,0,0,0,0,4.89
0,1,0,0,0,0,0,0,0,0,0,0,5.0
0,0,0,0,1,0,0,0,0,0,0,0,4.67
0,0,0,0,1,0,0,0,0,0,0,0,4.69
0,1,0,0,0,0,0,0,0,0,0,0,4.49
0,1,0,0,0,0,0,0,0,0,0,0,5.0
0,0,0,0,0,0,0,0,0,0,1,0,4.94
0,1,0,0,0,0,0,0,0,0,0,0,4.69
0,0,0,0,0,1,0,0,0,0,0,0,5.0
0,0,0,0,0,0,0,0,0,0,0,1,4.51
0,1,0,0,0,0,0,0,0,0,0,0,5.0
0,1,0,0,0,0,0,0,0,0,0,0,4.9
0,0,0,0,0,0,0,0,0,0,1,0,4.82
0,0,0,0,0,0,0,0,0,0,0,1,4.63
0,1,0,0,0,0,0,0,0,0,0,0,4.79
1,0,0,0,0,0,0,0,0,0,0,0,4.63
0,0,0,0,0,0,0,0,0,0,0,1,4.32
0,0,0,0,0,0,0,0,0,0,0,1,4.95
0,0,0,0,0,0,1,0,0,0,0,0,4.96
0,0,0,0,1,0,0,0,0,0,0,0,4.95
0,0,0,0,0,0,0,0,0,0,1,0,4.83
0,1,0,0,0,0,0,0,0,0,0,0,4.92
0,0,0,0,0,0,1,0,0,0,0,0,4.85
0,0,0,0,0,0,1,0,0,0,0,0,4.95
0,1,0,0,0,0,0,0,0,0,0,0,4.88
0,0,0,0,1,0,0,0,0,0,0,0,4.85
0,1,0,0,0,0,0,0,0,0,0,0,4.85
0,0,1,0,0,0,0,0,0,0,0,0,4.7
0,0,0,0,0,0,0,0,0,0,1,0,4.75
0,0,0,0,0,1,0,0,0,0,0,0,4.8
0,0,0,0,0,1,0,0,0,0,0,0,4.94
0,0,0,0,0,1,0,0,0,0,0,0,4.86
0,0,0,0,0,0,0,0,0,0,0,1,4.78
0,0,0,0,0,0,1,0,0,0,0,0,5.0
0,1,0,0,0,0,0,0,0,0,0,0,4.7
0,0,0,0,0,0,0,0,0,1,0,0,5.0
0,0,1,0,0,0,0,0,0,0,0,0,4.66
0,0,1,0,0,0,0,0,0,0,0,0,5.0
0,0,0,0,0,1,0,0,0,0,0,0,4.81
0,0,0,0,1,0,0,0,0,0,0,0,4.08
0,0,0,0,0,0,1,0,0,0,0,0,4.71
0,0,0,0,1,0,0,0,0,0,0,0,4.39
0,0,0,0,1,0,0,0,0,0,0,0,4.8
0,0,0,0,1,0,0,0,0,0,0,0,4.86
0,0,0,0,1,0,0,0,0,0,0,0,5.0
0,0,0,0,0,0,1,0,0,0,0,0,4.98
0,0,0,0,1,0,0,0,0,0,0,0,3.33
0,0,0,0,1,0,0,0,0,0,0,0,4.69
0,1,0,0,0,0,0,0,0,0,0,0,4.57
0,1,0,0,0,0,0,0,0,0,0,0,4.11
0,1,0,0,0,0,0,0,0,0,0,0,4.56
0,1,0,0,0,0,0,0,0,0,0,0,4.27
0,1,0,0,0,0,0,0,0,0,0,0,4.72
0,1,0,0,0,0,0,0,0,0,0,0,4.53
0,1,0,0,0,0,0,0,0,0,0,0,4.67
0,1,0,0,0,0,0,0,0,0,0,0,4.88
0,0,0,0,0,0,0,0,0,1,0,0,5.0
0,0,0,0,0,0,0,0,0,0,1,0,4.37
0,0,0,0,1,0,0,0,0,0,0,0,5.0
1,0,0,0,0,0,0,0,0,0,0,0,4.98
0,0,0,0,0,0,1,0,0,0,0,0,4.87
0,1,0,0,0,0,0,0,0,0,0,0,4.79
0,0,0,0,1,0,0,0,0,0,0,0,4.99
0,1,0,0,0,0,0,0,0,0,0,0,4.38
0,0,0,0,0,0,0,0,1,0,0,0,4.98
0,0,0,0,0,0,0,0,0,0,1,0,4.52
0,0,0,0,0,0,0,0,0,0,1,0,4.36
0,0,0,1,0,0,0,0,0,0,0,0,4.83
0,1,0,0,0,0,0,0,0,0,0,0,4.93
0,0,0,0,0,1,0,0,0,0,0,0,4.96
0,0,0,0,1,0,0,0,0,0,0,0,4.89
0,0,0,0,0,0,0,0,0,0,1,0,4.42
0,0,0,0,0,0,0,0,0,0,1,0,3.33
0,0,0,0,0,0,0,1,0,0,0,0,4.67
0,0,0,0,0,0,1,0,0,0,0,0,4.98
0,1,0,0,0,0,0,0,0,0,0,0,4.72
0,0,0,0,0,0,1,0,0,0,0,0,4.89
1,0,0,0,0,0,0,0,0,0,0,0,4.92
0,0,0,0,1,0,0,0,0,0,0,0,4.67
0,1,0,0,0,0,0,0,0,0,0,0,5.0
0,0,0,1,0,0,0,0,0,0,0,0,4.75
1,0,0,0,0,0,0,0,0,0,0,0,5.0
0,1,0,0,0,0,0,0,0,0,0,0,5.0
1,0,0,0,0,0,0,0,0,0,0,0,4.86
0,0,0,0,0,0,0,1,0,0,0,0,4.98
0,0,0,0,1,0,0,0,0,0,0,0,4.43
1,0,0,0,0,0,0,0,0,0,0,0,4.14
0,1,0,0,0,0,0,0,0,0,0,0,4.86
0,0,0,0,0,0,1,0,0,0,0,0,4.86
0,0,0,0,1,0,0,0,0,0,0,0,4.81
0,0,0,0,0,0,0,0,1,0,0,0,4.98
0,0,0,0,0,0,1,0,0,0,0,0,4.98
0,0,0,0,0,0,0,1,0,0,0,0,4.95
0,0,0,0,0,0,0,0,0,0,1,0,5.0
0,1,0,0,0,0,0,0,0,0,0,0,4.86
0,0,0,0,0,0,0,1,0,0,0,0,4.63
0,0,0,0,0,0,1,0,0,0,0,0,4.65
0,1,0,0,0,0,0,0,0,0,0,0,4.88
0,0,0,0,1,0,0,0,0,0,0,0,4.29
0,0,0,0,0,0,0,1,0,0,0,0,4.75
1,0,0,0,0,0,0,0,0,0,0,0,4.84
1,0,0,0,0,0,0,0,0,0,0,0,4.83
0,0,1,0,0,0,0,0,0,0,0,0,4.83
0,0,0,0,0,0,0,0,1,0,0,0,4.96
0,0,0,0,0,0,0,0,0,0,0,1,4.8
0,1,0,0,0,0,0,0,0,0,0,0,5.0
0,0,0,0,1,0,0,0,0,0,0,0,4.6
0,0,0,0,1,0,0,0,0,0,0,0,4.67
0,0,0,0,0,0,1,0,0,0,0,0,4.47
0,1,0,0,0,0,0,0,0,0,0,0,4.96
0,1,0,0,0,0,0,0,0,0,0,0,4.9
0,0,0,0,1,0,0,0,0,0,0,0,5.0
0,0,0,0,0,0,1,0,0,0,0,0,5.0
0,0,0,0,1,0,0,0,0,0,0,0,4.6
0,0,0,0,0,0,0,0,0,0,0,1,5.0
0,1,0,0,0,0,0,0,0,0,0,0,4.81
1,0,0,0,0,0,0,0,0,0,0,0,5.0
0,1,0,0,0,0,0,0,0,0,0,0,4.97
0,0,0,0,0,0,1,0,0,0,0,0,4.72
0,0,0,0,0,0,1,0,0,0,0,0,4.46
0,0,0,0,0,0,1,0,0,0,0,0,4.74
0,1,0,0,0,0,0,0,0,0,0,0,4.84
0,1,0,0,0,0,0,0,0,0,0,0,4.86
0,0,1,0,0,0,0,0,0,0,0,0,4.9
0,1,0,0,0,0,0,0,0,0,0,0,4.85
0,1,0,0,0,0,0,0,0,0,0,0,4.7
0,0,1,0,0,0,0,0,0,0,0,0,4.63
1,0,0,0,0,0,0,0,0,0,0,0,4.67
0,0,0,0,0,0,1,0,0,0,0,0,4.92
0,0,0,0,0,0,0,0,1,0,0,0,4.97
0,1,0,0,0,0,0,0,0,0,0,0,4.73
0,0,0,0,1,0,0,0,0,0,0,0,4.86
0,0,0,0,0,0,0,0,0,0,0,1,4.61
0,1,0,0,0,0,0,0,0,0,0,0,3.9
0,0,0,0,0,0,0,0,0,0,0,1,4.67
0,0,0,0,0,0,1,0,0,0,0,0,4.89
0,0,0,0,1,0,0,0,0,0,0,0,4.83
0,0,0,0,0,0,0,0,1,0,0,0,4.58
0,1,0,0,0,0,0,0,0,0,0,0,5.0
0,0,0,0,1,0,0,0,0,0,0,0,4.64
0,0,0,0,0,1,0,0,0,0,0,0,4.94
0,0,0,0,0,0,0,0,0,0,0,1,5.0
0,1,0,0,0,0,0,0,0,0,0,0,5.0
0,0,0,0,1,0,0,0,0,0,0,0,4.83
0,1,0,0,0,0,0,0,0,0,0,0,4.8
0,0,0,0,0,0,0,0,0,0,1,0,4.91
0,1,0,0,0,0,0,0,0,0,0,0,4.74
0,0,0,0,0,0,0,0,0,1,0,0,4.92
0,0,1,0,0,0,0,0,0,0,0,0,4.63
0,0,0,0,0,0,0,0,0,0,1,0,4.87
1,0,0,0,0,0,0,0,0,0,0,0,4.94
0,1,0,0,0,0,0,0,0,0,0,0,4.84
0,0,0,0,0,0,0,0,0,0,1,0,4.87
1,0,0,0,0,0,0,0,0,0,0,0,4.96
0,0,0,0,0,1,0,0,0,0,0,0,4.99
0,0,0,0,1,0,0,0,0,0,0,0,4.77
0,0,0,0,0,0,0,0,0,0,1,0,4.98
0,0,0,0,0,0,0,0,0,0,0,1,4.95
0,1,0,0,0,0,0,0,0,0,0,0,4.33
0,1,0,0,0,0,0,0,0,0,0,0,4.5
1,0,0,0,0,0,0,0,0,0,0,0,4.79
0,1,0,0,0,0,0,0,0,0,0,0,4.7
0,0,0,0,0,0,1,0,0,0,0,0,4.86
0,0,0,0,0,0,0,0,0,1,0,0,4.82
0,0,0,0,1,0,0,0,0,0,0,0,4.46
0,0,0,0,0,0,0,0,0,0,0,1,4.0
0,0,0,0,1,0,0,0,0,0,0,0,4.61
0,0,0,0,1,0,0,0,0,0,0,0,4.43
0,0,0,0,0,1,0,0,0,0,0,0,4.79
0,0,0,0,1,0,0,0,0,0,0,0,4.75
0,0,0,0,0,0,0,0,0,0,0,1,5.0
0,0,0,0,0,1,0,0,0,0,0,0,4.86
1,0,0,0,0,0,0,0,0,0,0,0,4.9
0,0,0,0,0,0,1,0,0,0,0,0,4.33
0,1,0,0,0,0,0,0,0,0,0,0,4.83
0,0,0,0,0,0,1,0,0,0,0,0,4.85
0,0,0,0,0,0,1,0,0,0,0,0,5.0
0,0,0,0,1,0,0,0,0,0,0,0,4.5
1,0,0,0,0,0,0,0,0,0,0,0,5.0
0,1,0,0,0,0,0,0,0,0,0,0,4.25
0,0,0,0,0,0,1,0,0,0,0,0,5.0
0,0,0,0,0,0,1,0,0,0,0,0,4.18
0,0,0,0,0,0,1,0,0,0,0,0,4.91
0,1,0,0,0,0,0,0,0,0,0,0,5.0
1,0,0,0,0,0,0,0,0,0,0,0,4.5
0,0,0,0,0,1,0,0,0,0,0,0,5.0
0,0,0,0,0,0,1,0,0,0,0,0,4.2
0,1,0,0,0,0,0,0,0,0,0,0,4.7
0,0,0,0,1,0,0,0,0,0,0,0,4.82
0,1,0,0,0,0,0,0,0,0,0,0,3.44
0,0,1,0,0,0,0,0,0,0,0,0,5.0
0,0,0,0,0,0,0,0,0,1,0,0,4.54
0,1,0,0,0,0,0,0,0,0,0,0,5.0
0,0,0,0,1,0,0,0,0,0,0,0,5.0
0,0,0,0,0,0,1,0,0,0,0,0,5.0
0,0,0,0,0,1,0,0,0,0,0,0,4.75
0,0,0,0,1,0,0,0,0,0,0,0,4.95
0,0,0,0,0,0,1,0,0,0,0,0,4.91
0,0,0,0,1,0,0,0,0,0,0,0,5.0
0,1,0,0,0,0,0,0,0,0,0,0,4.49
0,0,0,0,0,1,0,0,0,0,0,0,4.8
0,0,0,0,1,0,0,0,0,0,0,0,4.77
0,0,0,0,1,0,0,0,0,0,0,0,5.0
0,0,0,0,1,0,0,0,0,0,0,0,4.47
0,0,0,0,0,0,0,0,0,1,0,0,4.94
0,0,0,0,0,0,1,0,0,0,0,0,4.93
0,1,0,0,0,0,0,0,0,0,0,0,5.0
0,0,0,0,1,0,0,0,0,0,0,0,4.68
0,1,0,0,0,0,0,0,0,0,0,0,5.0
0,0,0,0,1,0,0,0,0,0,0,0,4.78
0,0,1,0,0,0,0,0,0,0,0,0,4.68
0,1,0,0,0,0,0,0,0,0,0,0,4.9
0,1,0,0,0,0,0,0,0,0,0,0,4.86
0,0,0,0,0,0,0,0,0,0,0,1,4.43
0,0,0,0,1,0,0,0,0,0,0,0,5.0
0,0,0,0,0,0,1,0,0,0,0,0,4.69
1,0,0,0,0,0,0,0,0,0,0,0,4.88
0,0,0,0,0,0,0,0,1,0,0,0,5.0
0,0,0,0,1,0,0,0,0,0,0,0,4.92
1,0,0,0,0,0,0,0,0,0,0,0,4.85
0,0,0,0,0,0,1,0,0,0,0,0,4.98
0,0,1,0,0,0,0,0,0,0,0,0,4.76
0,0,0,0,1,0,0,0,0,0,0,0,4.45
0,0,0,0,1,0,0,0,0,0,0,0,4.69
0,0,0,0,0,0,0,0,1,0,0,0,4.91
0,0,0,0,0,0,1,0,0,0,0,0,4.58
0,0,1,0,0,0,0,0,0,0,0,0,4.89
0,0,0,0,0,0,0,0,0,0,0,1,5.0
0,1,0,0,0,0,0,0,0,0,0,0,4.95
0,0,0,0,0,0,1,0,0,0,0,0,4.91
0,0,0,0,1,0,0,0,0,0,0,0,4.56
1,0,0,0,0,0,0,0,0,0,0,0,5.0
0,1,0,0,0,0,0,0,0,0,0,0,4.35
0,0,0,1,0,0,0,0,0,0,0,0,4.78
0,1,0,0,0,0,0,0,0,0,0,0,5.0
0,0,0,0,1,0,0,0,0,0,0,0,4.82
0,0,0,0,0,1,0,0,0,0,0,0,5.0
0,1,0,0,0,0,0,0,0,0,0,0,4.8
0,0,0,0,0,0,1,0,0,0,0,0,4.78
0,0,0,0,0,0,1,0,0,0,0,0,4.97
0,0,0,0,0,0,1,0,0,0,0,0,4.59
0,0,0,0,1,0,0,0,0,0,0,0,4.98
1,0,0,0,0,0,0,0,0,0,0,0,4.97
0,1,0,0,0,0,0,0,0,0,0,0,4.74
0,1,0,0,0,0,0,0,0,0,0,0,4.87
0,1,0,0,0,0,0,0,0,0,0,0,4.74
0,1,0,0,0,0,0,0,0,0,0,0,4.74
0,1,0,0,0,0,0,0,0,0,0,0,4.62
0,1,0,0,0,0,0,0,0,0,0,0,4.64
0,1,0,0,0,0,0,0,0,0,0,0,4.68
0,0,0,0,0,0,1,0,0,0,0,0,4.76
0,1,0,0,0,0,0,0,0,0,0,0,4.94
0,1,0,0,0,0,0,0,0,0,0,0,4.5
0,1,0,0,0,0,0,0,0,0,0,0,4.78
0,1,0,0,0,0,0,0,0,0,0,0,4.8
1,0,0,0,0,0,0,0,0,0,0,0,4.93
1,0,0,0,0,0,0,0,0,0,0,0,4.78
0,0,0,0,1,0,0,0,0,0,0,0,4.75
0,0,0,0,0,0,1,0,0,0,0,0,4.97
0,0,0,0,0,0,0,0,0,0,0,1,3.33
0,1,0,0,0,0,0,0,0,0,0,0,4.85
0,0,0,0,0,0,1,0,0,0,0,0,4.51
0,0,0,0,0,0,1,0,0,0,0,0,4.45
0,0,1,0,0,0,0,0,0,0,0,0,4.9
0,0,0,0,1,0,0,0,0,0,0,0,4.86
0,0,0,0,1,0,0,0,0,0,0,0,4.74
0,0,0,0,0,1,0,0,0,0,0,0,5.0
0,0,0,0,0,1,0,0,0,0,0,0,4.5
0,0,0,0,0,0,0,0,0,0,1,0,4.88
0,0,0,0,0,0,0,0,1,0,0,0,3.86
0,1,0,0,0,0,0,0,0,0,0,0,4.0
0,0,0,0,0,0,0,0,0,0,0,1,5.0
0,1,0,0,0,0,0,0,0,0,0,0,4.26
0,0,0,0,0,0,1,0,0,0,0,0,4.72
0,0,0,0,0,0,0,0,0,0,1,0,4.82
0,0,0,0,0,0,1,0,0,0,0,0,3.86
0,0,1,0,0,0,0,0,0,0,0,0,4.88
0,1,0,0,0,0,0,0,0,0,0,0,4.93
0,0,0,0,0,1,0,0,0,0,0,0,4.83
0,0,0,0,0,0,1,0,0,0,0,0,5.0
0,0,0,0,0,0,0,0,0,0,0,1,4.79
0,0,0,0,0,1,0,0,0,0,0,0,5.0
1,0,0,0,0,0,0,0,0,0,0,0,4.84
0,0,0,0,0,0,0,0,0,0,1,0,4.94
0,0,0,0,0,0,0,0,0,0,1,0,4.84
0,0,0,0,0,1,0,0,0,0,0,0,4.92
0,1,0,0,0,0,0,0,0,0,0,0,4.66
0,0,0,0,0,0,1,0,0,0,0,0,4.77
0,0,0,0,0,0,1,0,0,0,0,0,4.86
0,0,0,0,0,0,1,0,0,0,0,0,4.57
0,0,0,0,0,0,1,0,0,0,0,0,4.98
0,1,0,0,0,0,0,0,0,0,0,0,4.53
0,1,0,0,0,0,0,0,0,0,0,0,4.71
0,1,0,0,0,0,0,0,0,0,0,0,4.58
0,0,0,0,0,0,0,0,0,0,1,0,4.88
0,0,1,0,0,0,0,0,0,0,0,0,4.74
1,0,0,0,0,0,0,0,0,0,0,0,5.0
0,1,0,0,0,0,0,0,0,0,0,0,4.54
0,0,0,0,1,0,0,0,0,0,0,0,4.58
0,1,0,0,0,0,0,0,0,0,0,0,4.88
0,0,0,0,1,0,0,0,0,0,0,0,4.91
0,1,0,0,0,0,0,0,0,0,0,0,4.77
0,0,0,0,0,0,0,0,1,0,0,0,4.78
0,0,0,0,0,0,0,0,0,0,1,0,4.95
0,0,0,0,0,0,1,0,0,0,0,0,4.79
0,1,0,0,0,0,0,0,0,0,0,0,5.0
0,0,0,0,1,0,0,0,0,0,0,0,4.75
0,0,0,0,0,0,1,0,0,0,0,0,4.78
0,0,0,0,0,1,0,0,0,0,0,0,4.92
1,0,0,0,0,0,0,0,0,0,0,0,4.49
0,1,0,0,0,0,0,0,0,0,0,0,4.67
0,0,0,0,0,1,0,0,0,0,0,0,4.77
0,1,0,0,0,0,0,0,0,0,0,0,4.9
0,0,1,0,0,0,0,0,0,0,0,0,5.0
0,0,0,0,1,0,0,0,0,0,0,0,4.84
0,0,0,0,1,0,0,0,0,0,0,0,4.91
1,0,0,0,0,0,0,0,0,0,0,0,4.43
0,0,0,0,0,0,0,0,0,0,1,0,5.0
0,1,0,0,0,0,0,0,0,0,0,0,5.0
0,0,0,0,0,1,0,0,0,0,0,0,4.93
0,0,0,0,0,1,0,0,0,0,0,0,4.57
0,0,0,0,0,0,1,0,0,0,0,0,4.8
1,0,0,0,0,0,0,0,0,0,0,0,5.0
0,1,0,0,0,0,0,0,0,0,0,0,4.81
0,1,0,0,0,0,0,0,0,0,0,0,4.98
0,0,0,0,0,0,1,0,0,0,0,0,4.89
0,0,0,0,0,0,0,0,0,0,1,0,4.67
1,0,0,0,0,0,0,0,0,0,0,0,4.69
0,0,0,0,0,0,0,0,0,0,1,0,4.69
0,0,0,0,0,0,0,0,0,0,1,0,4.4
0,0,0,0,0,0,0,0,0,0,1,0,4.93
0,0,0,0,0,0,0,0,0,0,1,0,4.97
0,0,0,0,1,0,0,0,0,0,0,0,4.77
0,0,0,0,1,0,0,0,0,0,0,0,5.0
0,0,1,0,0,0,0,0,0,0,0,0,4.6
1,0,0,0,0,0,0,0,0,0,0,0,4.91
0,0,0,0,0,1,0,0,0,0,0,0,4.71
0,0,0,0,0,1,0,0,0,0,0,0,4.96
0,0,0,0,0,1,0,0,0,0,0,0,4.6
1,0,0,0,0,0,0,0,0,0,0,0,4.5
0,0,0,0,0,0,0,0,0,1,0,0,4.85
0,0,0,0,1,0,0,0,0,0,0,0,4.25
0,0,0,0,0,0,0,0,1,0,0,0,4.63
0,0,0,0,0,0,0,0,0,1,0,0,4.73
0,0,0,0,1,0,0,0,0,0,0,0,4.38
0,0,0,0,0,1,0,0,0,0,0,0,4.9
1,0,0,0,0,0,0,0,0,0,0,0,4.74
0,0,1,0,0,0,0,0,0,0,0,0,4.4
1,0,0,0,0,0,0,0,0,0,0,0,4.96
0,0,0,0,0,0,1,0,0,0,0,0,4.83
0,0,1,0,0,0,0,0,0,0,0,0,4.49
0,0,0,0,0,0,1,0,0,0,0,0,4.75
0,1,0,0,0,0,0,0,0,0,0,0,5.0
0,0,0,0,0,0,0,0,0,0,1,0,4.79
0,0,0,0,0,1,0,0,0,0,0,0,5.0
0,0,0,0,0,0,0,0,0,0,1,0,3.85
0,1,0,0,0,0,0,0,0,0,0,0,4.97
0,1,0,0,0,0,0,0,0,0,0,0,4.12
0,0,0,0,1,0,0,0,0,0,0,0,4.88
0,0,0,0,0,0,1,0,0,0,0,0,4.97
0,0,0,0,0,0,1,0,0,0,0,0,4.93
0,0,0,0,0,0,1,0,0,0,0,0,4.87
0,1,0,0,0,0,0,0,0,0,0,0,5.0
0,1,0,0,0,0,0,0,0,0,0,0,4.93
0,1,0,0,0,0,0,0,0,0,0,0,4.94
0,1,0,0,0,0,0,0,0,0,0,0,4.13
0,0,0,0,1,0,0,0,0,0,0,0,4.79
0,0,0,0,1,0,0,0,0,0,0,0,4.89
0,0,0,0,1,0,0,0,0,0,0,0,4.73
0,0,0,0,1,0,0,0,0,0,0,0,4.83
0,0,0,0,0,0,1,0,0,0,0,0,4.91
0,0,0,0,1,0,0,0,0,0,0,0,4.5
0,0,0,0,1,0,0,0,0,0,0,0,4.93
0,1,0,0,0,0,0,0,0,0,0,0,4.75
0,0,0,0,0,0,0,0,1,0,0,0,4.2
0,0,0,0,1,0,0,0,0,0,0,0,4.87
0,1,0,0,0,0,0,0,0,0,0,0,4.77
0,0,0,0,0,1,0,0,0,0,0,0,4.23
0,0,0,0,0,0,1,0,0,0,0,0,4.86
0,0,0,0,0,0,0,0,0,0,1,0,4.92
0,1,0,0,0,0,0,0,0,0,0,0,4.95
0,0,0,0,0,0,0,0,0,0,1,0,4.62
0,0,0,0,0,0,0,0,0,0,0,1,4.58
1,0,0,0,0,0,0,0,0,0,0,0,5.0
1,0,0,0,0,0,0,0,0,0,0,0,4.36
1,0,0,0,0,0,0,0,0,0,0,0,4.5
0,0,0,0,0,0,0,0,0,1,0,0,5.0
0,0,0,0,0,0,0,0,0,0,0,1,4.6
0,0,0,0,1,0,0,0,0,0,0,0,4.93
0,0,0,0,0,0,0,0,0,0,1,0,4.91
0,0,0,0,0,1,0,0,0,0,0,0,4.89
0,0,0,0,0,0,1,0,0,0,0,0,4.35
0,0,0,0,0,0,0,0,0,0,0,1,5.0
0,1,0,0,0,0,0,0,0,0,0,0,5.0
0,1,0,0,0,0,0,0,0,0,0,0,4.96
0,0,0,0,0,1,0,0,0,0,0,0,4.15
0,0,0,0,0,1,0,0,0,0,0,0,4.45
0,0,0,0,0,1,0,0,0,0,0,0,4.5
0,0,0,0,0,1,0,0,0,0,0,0,4.0
0,0,0,0,0,0,0,0,0,1,0,0,4.75
0,1,0,0,0,0,0,0,0,0,0,0,4.93
0,0,0,0,1,0,0,0,0,0,0,0,4.91
0,0,0,1,0,0,0,0,0,0,0,0,5.0
0,0,1,0,0,0,0,0,0,0,0,0,4.68
1,0,0,0,0,0,0,0,0,0,0,0,4.44
1,0,0,0,0,0,0,0,0,0,0,0,4.95
1,0,0,0,0,0,0,0,0,0,0,0,4.99
0,1,0,0,0,0,0,0,0,0,0,0,5.0
0,0,0,0,0,0,0,0,0,0,0,1,4.77
0,0,0,0,0,1,0,0,0,0,0,0,5.0
1,0,0,0,0,0,0,0,0,0,0,0,4.58
0,1,0,0,0,0,0,0,0,0,0,0,4.95
0,0,0,0,0,0,1,0,0,0,0,0,5.0
1,0,0,0,0,0,0,0,0,0,0,0,4.98
0,0,0,0,0,0,0,0,0,0,1,0,5.0
0,0,0,0,1,0,0,0,0,0,0,0,4.66
0,0,0,0,0,0,0,0,0,0,1,0,4.96
0,0,0,0,1,0,0,0,0,0,0,0,5.0
0,0,0,0,0,0,1,0,0,0,0,0,4.85
0,1,0,0,0,0,0,0,0,0,0,0,3.78
0,1,0,0,0,0,0,0,0,0,0,0,4.59
0,0,0,0,0,0,0,0,1,0,0,0,4.82
0,0,0,0,1,0,0,0,0,0,0,0,4.49
0,0,0,0,0,0,1,0,0,0,0,0,3.5
0,1,0,0,0,0,0,0,0,0,0,0,4.93
0,0,0,0,1,0,0,0,0,0,0,0,4.38
0,1,0,0,0,0,0,0,0,0,0,0,4.73
0,0,0,0,0,0,1,0,0,0,0,0,4.21
0,0,0,0,1,0,0,0,0,0,0,0,4.87
1,0,0,0,0,0,0,0,0,0,0,0,4.94
1,0,0,0,0,0,0,0,0,0,0,0,4.1
0,0,0,0,0,0,0,0,0,0,0,1,4.66
0,1,0,0,0,0,0,0,0,0,0,0,4.77
0,0,0,0,0,0,0,0,1,0,0,0,5.0
0,0,0,0,0,0,1,0,0,0,0,0,4.87
0,0,0,0,1,0,0,0,0,0,0,0,3.88
0,1,0,0,0,0,0,0,0,0,0,0,4.73
0,0,0,0,1,0,0,0,0,0,0,0,4.63
0,0,0,0,1,0,0,0,0,0,0,0,4.77
0,0,0,0,1,0,0,0,0,0,0,0,5.0
0,0,0,0,0,1,0,0,0,0,0,0,4.39
0,0,0,0,0,1,0,0,0,0,0,0,4.25
0,0,0,0,1,0,0,0,0,0,0,0,4.79
1,0,0,0,0,0,0,0,0,0,0,0,4.97
0,0,0,0,0,0,1,0,0,0,0,0,4.84
0,0,0,0,0,1,0,0,0,0,0,0,5.0
0,0,0,0,1,0,0,0,0,0,0,0,5.0
1,0,0,0,0,0,0,0,0,0,0,0,5.0
0,0,0,0,1,0,0,0,0,0,0,0,4.89
0,0,0,0,0,0,1,0,0,0,0,0,4.89
0,0,0,0,1,0,0,0,0,0,0,0,4.68
0,0,0,0,1,0,0,0,0,0,0,0,4.64
0,0,0,0,1,0,0,0,0,0,0,0,4.72
0,0,0,0,0,0,1,0,0,0,0,0,4.94
0,0,0,0,1,0,0,0,0,0,0,0,4.68
0,1,0,0,0,0,0,0,0,0,0,0,4.59
0,0,1,0,0,0,0,0,0,0,0,0,4.8
0,0,0,0,1,0,0,0,0,0,0,0,4.07
0,0,0,0,1,0,0,0,0,0,0,0,4.88
0,0,0,0,1,0,0,0,0,0,0,0,4.98
1,0,0,0,0,0,0,0,0,0,0,0,4.71
0,0,0,0,0,0,0,0,0,0,1,0,4.0
1,0,0,0,0,0,0,0,0,0,0,0,5.0
0,0,0,0,0,0,1,0,0,0,0,0,4.7
0,0,0,0,0,1,0,0,0,0,0,0,4.76
0,1,0,0,0,0,0,0,0,0,0,0,4.99
0,1,0,0,0,0,0,0,0,0,0,0,4.93
0,0,0,0,1,0,0,0,0,0,0,0,4.52
0,0,0,0,0,0,1,0,0,0,0,0,4.4
0,0,0,0,0,0,1,0,0,0,0,0,4.17
0,0,0,0,0,0,1,0,0,0,0,0,4.57
0,0,0,0,0,0,0,0,0,0,0,1,5.0
0,0,1,0,0,0,0,0,0,0,0,0,4.75
0,0,1,0,0,0,0,0,0,0,0,0,4.25
0,0,1,0,0,0,0,0,0,0,0,0,4.8
0,0,1,0,0,0,0,0,0,0,0,0,4.54
0,0,1,0,0,0,0,0,0,0,0,0,5.0
0,0,0,0,1,0,0,0,0,0,0,0,4.88
0,0,0,0,0,0,1,0,0,0,0,0,4.73
0,1,0,0,0,0,0,0,0,0,0,0,4.45
0,1,0,0,0,0,0,0,0,0,0,0,4.94
0,0,0,0,1,0,0,0,0,0,0,0,4.53
0,0,0,0,0,0,0,0,0,0,1,0,4.76
0,0,0,0,0,1,0,0,0,0,0,0,4.83
0,1,0,0,0,0,0,0,0,0,0,0,4.72
0,0,0,0,1,0,0,0,0,0,0,0,4.68
0,0,0,0,0,1,0,0,0,0,0,0,4.4
0,0,0,0,0,0,0,0,0,1,0,0,4.89
0,1,0,0,0,0,0,0,0,0,0,0,4.96
0,0,0,0,1,0,0,0,0,0,0,0,4.52
0,0,0,0,1,0,0,0,0,0,0,0,4.85
0,0,0,0,1,0,0,0,0,0,0,0,4.94
0,0,0,0,1,0,0,0,0,0,0,0,4.8
0,0,0,0,1,0,0,0,0,0,0,0,4.81
0,0,0,0,0,1,0,0,0,0,0,0,5.0
0,0,1,0,0,0,0,0,0,0,0,0,4.97
0,0,0,0,1,0,0,0,0,0,0,0,4.72
0,0,0,0,1,0,0,0,0,0,0,0,4.73
0,0,0,0,1,0,0,0,0,0,0,0,4.33
0,0,0,0,1,0,0,0,0,0,0,0,4.93
0,0,0,0,1,0,0,0,0,0,0,0,4.76
0,0,0,0,1,0,0,0,0,0,0,0,4.66
1,0,0,0,0,0,0,0,0,0,0,0,4.56
0,0,0,0,0,0,1,0,0,0,0,0,4.86
0,0,0,0,1,0,0,0,0,0,0,0,4.83
0,0,0,0,1,0,0,0,0,0,0,0,4.84
0,0,0,0,1,0,0,0,0,0,0,0,4.72
0,0,0,0,1,0,0,0,0,0,0,0,4.66
0,0,0,0,1,0,0,0,0,0,0,0,4.84
0,0,0,0,1,0,0,0,0,0,0,0,4.62
0,0,0,0,1,0,0,0,0,0,0,0,4.69
0,0,0,0,1,0,0,0,0,0,0,0,4.87
0,0,0,0,1,0,0,0,0,0,0,0,4.66
0,0,0,0,0,0,0,0,0,1,0,0,4.73
0,1,0,0,0,0,0,0,0,0,0,0,4.95
0,0,0,0,0,0,0,0,0,0,1,0,4.68
0,1,0,0,0,0,0,0,0,0,0,0,4.43
1,0,0,0,0,0,0,0,0,0,0,0,4.64
0,0,0,0,1,0,0,0,0,0,0,0,4.91
0,0,0,0,1,0,0,0,0,0,0,0,4.76
0,1,0,0,0,0,0,0,0,0,0,0,4.85
0,0,0,0,0,0,0,1,0,0,0,0,5.0
0,0,0,0,0,0,0,0,0,0,1,0,5.0
0,1,0,0,0,0,0,0,0,0,0,0,5.0
0,1,0,0,0,0,0,0,0,0,0,0,4.63
0,0,0,0,0,0,0,0,0,0,1,0,4.8
0,0,0,0,1,0,0,0,0,0,0,0,4.84
0,1,0,0,0,0,0,0,0,0,0,0,5.0
0,0,0,0,0,1,0,0,0,0,0,0,4.53
0,1,0,0,0,0,0,0,0,0,0,0,4.7
0,1,0,0,0,0,0,0,0,0,0,0,4.64
0,1,0,0,0,0,0,0,0,0,0,0,4.94
0,0,0,0,1,0,0,0,0,0,0,0,4.88
0,0,0,0,0,1,0,0,0,0,0,0,4.97
0,0,0,0,1,0,0,0,0,0,0,0,4.58
1,0,0,0,0,0,0,0,0,0,0,0,4.67
0,0,0,0,1,0,0,0,0,0,0,0,4.75
0,0,0,0,0,0,0,0,0,1,0,0,4.86
0,0,0,0,0,0,0,0,0,0,0,1,4.7
0,0,0,0,0,0,0,0,0,0,0,1,4.57
0,0,0,0,0,0,0,0,0,0,0,1,4.75
0,0,0,0,0,0,1,0,0,0,0,0,4.92
0,0,0,0,0,0,0,0,0,0,0,1,4.7
0,0,0,0,0,0,0,1,0,0,0,0,4.56
0,0,0,0,0,0,0,0,0,0,0,1,4.7
0,1,0,0,0,0,0,0,0,0,0,0,4.38
0,1,0,0,0,0,0,0,0,0,0,0,4.89
0,1,0,0,0,0,0,0,0,0,0,0,4.83
1,0,0,0,0,0,0,0,0,0,0,0,4.94
0,0,1,0,0,0,0,0,0,0,0,0,4.79
0,0,0,0,1,0,0,0,0,0,0,0,4.92
0,0,0,0,1,0,0,0,0,0,0,0,4.86
0,0,0,0,1,0,0,0,0,0,0,0,4.77
0,0,0,0,1,0,0,0,0,0,0,0,4.75
0,1,0,0,0,0,0,0,0,0,0,0,5.0
0,0,0,0,0,0,1,0,0,0,0,0,4.98
0,0,0,0,1,0,0,0,0,0,0,0,4.33
0,0,0,0,0,0,0,1,0,0,0,0,4.95
0,0,0,0,1,0,0,0,0,0,0,0,4.88
0,0,0,0,1,0,0,0,0,0,0,0,4.83
1,0,0,0,0,0,0,0,0,0,0,0,5.0
0,0,0,0,0,0,0,0,0,0,1,0,4.88
0,0,0,0,0,0,1,0,0,0,0,0,5.0
0,0,0,0,0,0,0,0,0,0,1,0,5.0
0,0,1,0,0,0,0,0,0,0,0,0,4.18
0,0,1,0,0,0,0,0,0,0,0,0,4.44
0,1,0,0,0,0,0,0,0,0,0,0,4.8
0,0,0,0,0,0,1,0,0,0,0,0,5.0
0,0,0,0,0,0,0,0,0,0,1,0,5.0
0,0,0,0,1,0,0,0,0,0,0,0,4.96
0,0,0,0,1,0,0,0,0,0,0,0,4.67
0,1,0,0,0,0,0,0,0,0,0,0,4.97
0,0,0,0,0,0,0,0,0,1,0,0,4.98
0,0,0,0,0,0,0,0,0,1,0,0,4.82
1,0,0,0,0,0,0,0,0,0,0,0,4.0
0,0,0,0,0,0,0,0,0,1,0,0,4.87
0,0,0,0,0,0,0,0,0,0,1,0,4.78
0,0,0,0,0,1,0,0,0,0,0,0,4.86
0,0,1,0,0,0,0,0,0,0,0,0,4.79
0,1,0,0,0,0,0,0,0,0,0,0,4.89
0,0,0,0,0,0,1,0,0,0,0,0,5.0
0,0,0,0,1,0,0,0,0,0,0,0,4.83
0,0,1,0,0,0,0,0,0,0,0,0,5.0
0,0,0,0,1,0,0,0,0,0,0,0,4.67
0,0,0,0,0,0,0,0,0,0,1,0,4.86
0,0,0,0,1,0,0,0,0,0,0,0,4.86
0,0,0,0,1,0,0,0,0,0,0,0,4.67
0,0,0,0,1,0,0,0,0,0,0,0,4.77
0,0,0,0,1,0,0,0,0,0,0,0,4.47
0,0,0,0,1,0,0,0,0,0,0,0,4.83
0,0,0,0,0,0,1,0,0,0,0,0,4.99
0,0,0,0,1,0,0,0,0,0,0,0,4.79
0,0,0,0,1,0,0,0,0,0,0,0,4.73
0,0,0,0,1,0,0,0,0,0,0,0,4.59
0,0,0,0,0,1,0,0,0,0,0,0,5.0
0,0,0,0,1,0,0,0,0,0,0,0,4.96
0,0,0,0,1,0,0,0,0,0,0,0,4.59
0,0,0,0,0,0,0,0,0,0,1,0,4.61
0,0,0,0,1,0,0,0,0,0,0,0,4.8
0,0,0,0,1,0,0,0,0,0,0,0,4.72
0,0,1,0,0,0,0,0,0,0,0,0,4.61
0,0,1,0,0,0,0,0,0,0,0,0,4.64
0,0,0,0,1,0,0,0,0,0,0,0,4.78
0,0,0,0,0,0,0,0,0,0,1,0,4.96
0,1,0,0,0,0,0,0,0,0,0,0,5.0
0,0,0,0,1,0,0,0,0,0,0,0,4.77
0,0,0,0,1,0,0,0,0,0,0,0,4.95
1,0,0,0,0,0,0,0,0,0,0,0,4.95
0,0,0,0,0,1,0,0,0,0,0,0,5.0
0,0,0,0,0,0,0,0,0,0,1,0,4.75
1,0,0,0,0,0,0,0,0,0,0,0,5.0
0,1,0,0,0,0,0,0,0,0,0,0,4.9
0,0,0,0,1,0,0,0,0,0,0,0,4.73
0,0,0,0,1,0,0,0,0,0,0,0,4.79
0,0,0,0,1,0,0,0,0,0,0,0,4.71
0,0,0,0,1,0,0,0,0,0,0,0,4.82
0,0,0,0,0,0,0,1,0,0,0,0,4.76
0,1,0,0,0,0,0,0,0,0,0,0,4.53
0,0,0,0,0,0,1,0,0,0,0,0,4.87
0,0,0,0,1,0,0,0,0,0,0,0,4.9
0,0,0,0,1,0,0,0,0,0,0,0,4.8
0,0,0,0,0,0,0,0,0,1,0,0,4.88
0,0,0,0,1,0,0,0,0,0,0,0,4.39
0,0,0,0,1,0,0,0,0,0,0,0,4.46
0,0,0,0,1,0,0,0,0,0,0,0,4.07
0,0,0,0,1,0,0,0,0,0,0,0,4.1
0,1,0,0,0,0,0,0,0,0,0,0,4.93
0,0,1,0,0,0,0,0,0,0,0,0,4.57
0,0,0,0,0,1,0,0,0,0,0,0,4.75
0,1,0,0,0,0,0,0,0,0,0,0,4.76
0,1,0,0,0,0,0,0,0,0,0,0,4.83
0,0,0,0,1,0,0,0,0,0,0,0,4.99
0,1,0,0,0,0,0,0,0,0,0,0,4.84
0,1,0,0,0,0,0,0,0,0,0,0,4.62
0,1,0,0,0,0,0,0,0,0,0,0,4.61
1,0,0,0,0,0,0,0,0,0,0,0,4.68
0,1,0,0,0,0,0,0,0,0,0,0,4.88
0,0,0,0,0,0,0,0,0,0,0,1,5.0
0,0,0,0,0,0,1,0,0,0,0,0,5.0
0,0,0,0,0,0,1,0,0,0,0,0,4.8
0,1,0,0,0,0,0,0,0,0,0,0,4.89
0,0,0,0,0,0,0,0,0,0,0,1,4.79
0,0,1,0,0,0,0,0,0,0,0,0,5.0
0,0,0,0,1,0,0,0,0,0,0,0,4.33
0,0,0,0,0,1,0,0,0,0,0,0,5.0
0,0,0,0,1,0,0,0,0,0,0,0,4.72
1,0,0,0,0,0,0,0,0,0,0,0,4.76
0,1,0,0,0,0,0,0,0,0,0,0,4.22
0,1,0,0,0,0,0,0,0,0,0,0,4.98
0,0,1,0,0,0,0,0,0,0,0,0,5.0
0,0,1,0,0,0,0,0,0,0,0,0,4.9
0,0,1,0,0,0,0,0,0,0,0,0,4.68
0,0,0,0,0,0,1,0,0,0,0,0,5.0
0,0,0,0,0,0,1,0,0,0,0,0,3.89
0,0,1,0,0,0,0,0,0,0,0,0,4.82
0,0,0,0,0,0,1,0,0,0,0,0,4.79
1,0,0,0,0,0,0,0,0,0,0,0,5.0
0,0,1,0,0,0,0,0,0,0,0,0,4.87
0,0,0,0,0,0,0,1,0,0,0,0,4.8
0,0,0,0,0,0,1,0,0,0,0,0,4.88
0,0,0,0,0,0,1,0,0,0,0,0,4.78
0,0,0,0,0,0,1,0,0,0,0,0,4.6
0,0,0,0,0,0,1,0,0,0,0,0,4.81
0,1,0,0,0,0,0,0,0,0,0,0,4.89
0,0,0,0,0,1,0,0,0,0,0,0,4.86
0,0,0,0,0,0,1,0,0,0,0,0,4.95
0,0,0,0,0,0,1,0,0,0,0,0,4.58
0,0,0,0,1,0,0,0,0,0,0,0,4.9
1,0,0,0,0,0,0,0,0,0,0,0,4.38
0,1,0,0,0,0,0,0,0,0,0,0,4.65
0,0,0,0,1,0,0,0,0,0,0,0,3.56
1,0,0,0,0,0,0,0,0,0,0,0,4.67
0,0,0,0,1,0,0,0,0,0,0,0,4.7
0,0,0,0,0,0,1,0,0,0,0,0,4.43
0,0,0,0,1,0,0,0,0,0,0,0,3.67
0,0,0,0,1,0,0,0,0,0,0,0,4.75
1,0,0,0,0,0,0,0,0,0,0,0,4.29
1,0,0,0,0,0,0,0,0,0,0,0,4.48
1,0,0,0,0,0,0,0,0,0,0,0,4.29
0,0,0,0,0,1,0,0,0,0,0,0,4.89
0,0,0,0,0,1,0,0,0,0,0,0,4.84
0,0,0,0,0,1,0,0,0,0,0,0,4.73
0,0,0,0,0,0,1,0,0,0,0,0,5.0
0,0,0,0,0,0,1,0,0,0,0,0,5.0
0,1,0,0,0,0,0,0,0,0,0,0,4.87
0,1,0,0,0,0,0,0,0,0,0,0,5.0
1,0,0,0,0,0,0,0,0,0,0,0,5.0
0,0,0,0,0,0,0,1,0,0,0,0,5.0
0,0,0,0,1,0,0,0,0,0,0,0,4.95
0,1,0,0,0,0,0,0,0,0,0,0,4.94
0,0,0,0,1,0,0,0,0,0,0,0,4.78
0,0,0,0,1,0,0,0,0,0,0,0,3.0
0,0,0,0,1,0,0,0,0,0,0,0,4.87
0,0,0,0,1,0,0,0,0,0,0,0,4.67
0,0,0,0,1,0,0,0,0,0,0,0,4.86
1,0,0,0,0,0,0,0,0,0,0,0,4.94
1,0,0,0,0,0,0,0,0,0,0,0,4.71
0,0,1,0,0,0,0,0,0,0,0,0,4.73
0,0,0,0,0,0,1,0,0,0,0,0,4.83
0,1,0,0,0,0,0,0,0,0,0,0,4.5
0,0,0,0,1,0,0,0,0,0,0,0,4.74
0,1,0,0,0,0,0,0,0,0,0,0,4.75
0,1,0,0,0,0,0,0,0,0,0,0,4.88
0,0,0,0,0,0,0,0,0,0,0,1,5.0
0,0,0,0,1,0,0,0,0,0,0,0,4.89
0,0,0,0,1,0,0,0,0,0,0,0,4.77
0,0,0,0,0,0,0,0,0,0,0,1,4.96
0,0,0,0,1,0,0,0,0,0,0,0,4.86
0,1,0,0,0,0,0,0,0,0,0,0,4.93
0,0,0,0,1,0,0,0,0,0,0,0,4.68
0,0,0,0,1,0,0,0,0,0,0,0,4.96
0,0,0,0,1,0,0,0,0,0,0,0,5.0
0,0,0,0,1,0,0,0,0,0,0,0,5.0
0,0,1,0,0,0,0,0,0,0,0,0,4.32
0,0,0,0,1,0,0,0,0,0,0,0,4.92
0,0,0,0,0,0,0,1,0,0,0,0,4.95
0,0,1,0,0,0,0,0,0,0,0,0,4.33
0,0,0,0,0,1,0,0,0,0,0,0,5.0
0,0,0,0,1,0,0,0,0,0,0,0,5.0
0,1,0,0,0,0,0,0,0,0,0,0,4.89
0,0,0,0,1,0,0,0,0,0,0,0,4.7
0,0,0,0,0,0,0,0,0,0,1,0,4.83
0,0,0,0,1,0,0,0,0,0,0,0,4.87
0,1,0,0,0,0,0,0,0,0,0,0,4.73
0,0,0,1,0,0,0,0,0,0,0,0,4.96
0,0,0,0,0,0,0,0,0,0,0,1,4.92
0,0,0,0,1,0,0,0,0,0,0,0,4.88
0,0,0,0,0,1,0,0,0,0,0,0,4.79
0,0,0,0,0,0,0,0,1,0,0,0,4.56
0,0,0,0,0,0,1,0,0,0,0,0,4.33
0,0,0,0,0,0,0,1,0,0,0,0,4.77
1,0,0,0,0,0,0,0,0,0,0,0,4.73
0,0,0,1,0,0,0,0,0,0,0,0,4.9
0,0,0,0,0,1,0,0,0,0,0,0,4.81
0,1,0,0,0,0,0,0,0,0,0,0,4.89
0,0,0,0,0,0,1,0,0,0,0,0,4.1
0,0,0,0,0,0,0,0,0,0,0,1,4.98
1,0,0,0,0,0,0,0,0,0,0,0,4.77
0,1,0,0,0,0,0,0,0,0,0,0,4.75
0,0,0,0,0,0,0,1,0,0,0,0,5.0
0,0,0,0,0,0,1,0,0,0,0,0,4.97
0,0,0,0,0,0,1,0,0,0,0,0,4.88
0,0,0,0,1,0,0,0,0,0,0,0,5.0
0,0,0,0,0,1,0,0,0,0,0,0,4.71
0,0,0,0,0,0,1,0,0,0,0,0,5.0
1,0,0,0,0,0,0,0,0,0,0,0,2.17
0,0,0,0,0,1,0,0,0,0,0,0,4.95
0,0,0,0,0,0,0,0,0,1,0,0,4.75
0,0,0,0,1,0,0,0,0,0,0,0,4.52
0,1,0,0,0,0,0,0,0,0,0,0,5.0
1,0,0,0,0,0,0,0,0,0,0,0,5.0
0,0,0,0,1,0,0,0,0,0,0,0,4.76
0,0,0,0,1,0,0,0,0,0,0,0,4.7
0,0,0,0,0,1,0,0,0,0,0,0,4.54
0,0,1,0,0,0,0,0,0,0,0,0,4.55
0,1,0,0,0,0,0,0,0,0,0,0,4.67
0,1,0,0,0,0,0,0,0,0,0,0,4.67
0,1,0,0,0,0,0,0,0,0,0,0,5.0
0,1,0,0,0,0,0,0,0,0,0,0,5.0
0,1,0,0,0,0,0,0,0,0,0,0,5.0
0,0,0,0,0,1,0,0,0,0,0,0,4.71
0,0,0,0,0,0,1,0,0,0,0,0,4.85
0,0,0,0,0,0,0,0,0,0,1,0,4.49
0,0,0,0,0,0,1,0,0,0,0,0,4.79
0,0,1,0,0,0,0,0,0,0,0,0,4.46
0,1,0,0,0,0,0,0,0,0,0,0,4.78
0,0,0,0,1,0,0,0,0,0,0,0,5.0
0,0,0,0,0,1,0,0,0,0,0,0,4.92
0,0,0,0,1,0,0,0,0,0,0,0,4.33
0,0,0,0,0,1,0,0,0,0,0,0,4.85
1,0,0,0,0,0,0,0,0,0,0,0,4.92
0,0,0,0,0,0,0,0,0,0,1,0,4.97
0,1,0,0,0,0,0,0,0,0,0,0,4.93
0,0,0,0,0,1,0,0,0,0,0,0,4.5
0,0,0,0,0,0,1,0,0,0,0,0,5.0
0,0,0,0,0,0,1,0,0,0,0,0,4.52
1,0,0,0,0,0,0,0,0,0,0,0,4.43
0,0,0,0,0,1,0,0,0,0,0,0,5.0
1,0,0,0,0,0,0,0,0,0,0,0,4.43
0,1,0,0,0,0,0,0,0,0,0,0,5.0
0,0,0,0,0,0,0,0,0,0,1,0,5.0
0,1,0,0,0,0,0,0,0,0,0,0,5.0
1,0,0,0,0,0,0,0,0,0,0,0,5.0
1,0,0,0,0,0,0,0,0,0,0,0,4.97
0,1,0,0,0,0,0,0,0,0,0,0,4.8
0,0,0,0,0,1,0,0,0,0,0,0,4.91
0,1,0,0,0,0,0,0,0,0,0,0,4.94
0,0,0,0,0,1,0,0,0,0,0,0,4.82
0,0,0,0,0,1,0,0,0,0,0,0,5.0
0,0,0,0,0,1,0,0,0,0,0,0,4.86
1,0,0,0,0,0,0,0,0,0,0,0,4.79
0,1,0,0,0,0,0,0,0,0,0,0,4.91
0,1,0,0,0,0,0,0,0,0,0,0,4.8
1,0,0,0,0,0,0,0,0,0,0,0,4.74
1,0,0,0,0,0,0,0,0,0,0,0,4.6
0,0,0,0,0,1,0,0,0,0,0,0,5.0
1,0,0,0,0,0,0,0,0,0,0,0,4.67
1,0,0,0,0,0,0,0,0,0,0,0,4.5
0,0,0,0,1,0,0,0,0,0,0,0,4.78
0,0,0,0,0,0,0,0,0,1,0,0,5.0
0,1,0,0,0,0,0,0,0,0,0,0,4.88
0,1,0,0,0,0,0,0,0,0,0,0,4.12
0,0,0,0,1,0,0,0,0,0,0,0,4.29
0,0,0,0,0,0,1,0,0,0,0,0,4.52
1,0,0,0,0,0,0,0,0,0,0,0,4.96
0,0,0,0,0,0,1,0,0,0,0,0,5.0
0,0,0,0,1,0,0,0,0,0,0,0,4.96
0,0,0,0,1,0,0,0,0,0,0,0,4.86
0,1,0,0,0,0,0,0,0,0,0,0,4.87
0,0,0,1,0,0,0,0,0,0,0,0,4.88
0,0,0,0,0,0,0,0,0,0,1,0,4.8
1,0,0,0,0,0,0,0,0,0,0,0,4.7
0,0,0,0,0,1,0,0,0,0,0,0,4.85
0,0,0,0,1,0,0,0,0,0,0,0,4.73
0,0,0,0,1,0,0,0,0,0,0,0,4.94
0,0,1,0,0,0,0,0,0,0,0,0,4.97
0,1,0,0,0,0,0,0,0,0,0,0,5.0
0,0,0,0,1,0,0,0,0,0,0,0,4.3
0,0,0,0,0,0,0,0,0,0,1,0,4.88
0,0,1,0,0,0,0,0,0,0,0,0,5.0
0,0,0,0,1,0,0,0,0,0,0,0,4.86
0,0,1,0,0,0,0,0,0,0,0,0,4.8
0,0,0,0,0,0,0,0,0,0,0,1,4.87
0,0,0,0,0,0,1,0,0,0,0,0,4.91
0,0,0,0,0,0,0,0,0,0,0,1,4.36
1,0,0,0,0,0,0,0,0,0,0,0,4.73
0,1,0,0,0,0,0,0,0,0,0,0,4.88
0,1,0,0,0,0,0,0,0,0,0,0,4.94
0,0,0,0,0,0,1,0,0,0,0,0,4.93
0,0,0,0,1,0,0,0,0,0,0,0,4.58
0,0,0,0,1,0,0,0,0,0,0,0,5.0
0,0,0,0,1,0,0,0,0,0,0,0,4.75
0,0,0,0,1,0,0,0,0,0,0,0,4.97
0,0,0,0,1,0,0,0,0,0,0,0,4.75
0,0,0,0,0,1,0,0,0,0,0,0,4.75
0,1,0,0,0,0,0,0,0,0,0,0,5.0
0,0,0,0,0,0,0,0,0,1,0,0,5.0
0,0,0,0,1,0,0,0,0,0,0,0,3.71
1,0,0,0,0,0,0,0,0,0,0,0,4.68
0,0,0,0,0,1,0,0,0,0,0,0,4.75
0,0,0,0,0,1,0,0,0,0,0,0,5.0
0,0,0,0,0,0,0,0,0,0,1,0,4.97
0,0,0,0,0,0,1,0,0,0,0,0,5.0
0,1,0,0,0,0,0,0,0,0,0,0,4.74
0,0,1,0,0,0,0,0,0,0,0,0,5.0
0,0,0,0,0,0,0,0,0,0,0,1,4.92
1,0,0,0,0,0,0,0,0,0,0,0,4.76
0,0,0,0,0,1,0,0,0,0,0,0,4.68
1,0,0,0,0,0,0,0,0,0,0,0,4.96
1,0,0,0,0,0,0,0,0,0,0,0,4.0
0,1,0,0,0,0,0,0,0,0,0,0,5.0
1,0,0,0,0,0,0,0,0,0,0,0,4.25
0,1,0,0,0,0,0,0,0,0,0,0,4.0
0,0,0,0,0,0,1,0,0,0,0,0,4.9
1,0,0,0,0,0,0,0,0,0,0,0,4.81
0,0,0,0,0,0,0,0,0,0,0,1,4.85
0,0,0,0,0,1,0,0,0,0,0,0,4.68
0,0,0,0,0,0,1,0,0,0,0,0,4.93
0,0,0,0,1,0,0,0,0,0,0,0,4.86
0,0,0,0,0,0,0,0,0,0,0,1,4.23
1,0,0,0,0,0,0,0,0,0,0,0,3.75
0,0,0,0,1,0,0,0,0,0,0,0,4.89
0,0,0,0,0,0,0,0,0,0,1,0,5.0
0,0,0,0,0,0,0,0,0,0,0,1,4.31
0,0,0,0,1,0,0,0,0,0,0,0,4.5
1,0,0,0,0,0,0,0,0,0,0,0,4.85
0,1,0,0,0,0,0,0,0,0,0,0,5.0
0,0,1,0,0,0,0,0,0,0,0,0,4.81
0,1,0,0,0,0,0,0,0,0,0,0,5.0
0,0,0,0,1,0,0,0,0,0,0,0,4.78
0,0,0,0,0,0,0,0,0,1,0,0,4.84
0,0,0,0,0,0,0,0,0,0,1,0,4.89
0,1,0,0,0,0,0,0,0,0,0,0,5.0
0,0,0,0,0,0,0,0,0,0,0,1,4.86
0,0,0,0,1,0,0,0,0,0,0,0,4.68
0,0,0,0,0,0,0,0,0,0,1,0,4.78
0,0,0,0,0,1,0,0,0,0,0,0,4.76
0,0,0,0,0,0,0,0,0,0,1,0,4.47
0,0,0,0,0,0,0,0,0,0,1,0,4.67
0,0,0,0,0,0,0,0,0,0,0,1,4.97
0,0,0,0,0,1,0,0,0,0,0,0,4.86
0,1,0,0,0,0,0,0,0,0,0,0,4.93
0,0,0,0,1,0,0,0,0,0,0,0,4.77
0,0,0,1,0,0,0,0,0,0,0,0,4.83
0,1,0,0,0,0,0,0,0,0,0,0,4.67
0,0,0,0,1,0,0,0,0,0,0,0,4.71
0,0,0,0,0,1,0,0,0,0,0,0,4.92
0,0,0,0,0,1,0,0,0,0,0,0,4.0
0,1,0,0,0,0,0,0,0,0,0,0,5.0
0,1,0,0,0,0,0,0,0,0,0,0,4.89
0,0,0,0,0,0,0,0,0,0,1,0,5.0
0,0,0,0,0,1,0,0,0,0,0,0,5.0
0,0,0,0,1,0,0,0,0,0,0,0,4.72
0,1,0,0,0,0,0,0,0,0,0,0,4.67
0,0,0,0,0,0,0,0,0,0,0,1,5.0
0,0,0,0,1,0,0,0,0,0,0,0,4.52
0,0,0,0,0,0,0,0,0,0,0,1,5.0
0,0,0,0,1,0,0,0,0,0,0,0,4.77
0,0,0,0,1,0,0,0,0,0,0,0,4.97
1,0,0,0,0,0,0,0,0,0,0,0,4.76
1,0,0,0,0,0,0,0,0,0,0,0,4.94
0,0,0,0,1,0,0,0,0,0,0,0,4.95
0,0,0,0,0,1,0,0,0,0,0,0,4.77
0,1,0,0,0,0,0,0,0,0,0,0,4.67
0,1,0,0,0,0,0,0,0,0,0,0,4.94
0,0,0,0,1,0,0,0,0,0,0,0,4.66
0,0,0,0,1,0,0,0,0,0,0,0,4.73
1,0,0,0,0,0,0,0,0,0,0,0,4.67
0,0,0,0,1,0,0,0,0,0,0,0,4.74
0,0,0,0,0,0,0,0,0,0,1,0,4.56
1,0,0,0,0,0,0,0,0,0,0,0,5.0
0,1,0,0,0,0,0,0,0,0,0,0,4.67
0,0,0,0,1,0,0,0,0,0,0,0,4.33
0,1,0,0,0,0,0,0,0,0,0,0,4.5
0,1,0,0,0,0,0,0,0,0,0,0,4.61
0,0,0,0,0,0,1,0,0,0,0,0,5.0
0,0,0,0,0,0,1,0,0,0,0,0,4.9
0,0,0,0,1,0,0,0,0,0,0,0,4.0
0,0,0,0,1,0,0,0,0,0,0,0,4.67
0,0,0,0,0,0,0,0,0,0,0,1,5.0
0,0,0,0,1,0,0,0,0,0,0,0,4.98
0,0,0,0,0,0,0,0,0,0,1,0,4.91
0,0,0,0,1,0,0,0,0,0,0,0,4.88
0,0,0,0,0,1,0,0,0,0,0,0,5.0
0,0,0,0,1,0,0,0,0,0,0,0,4.85
0,0,0,0,1,0,0,0,0,0,0,0,4.9
0,0,0,0,0,0,1,0,0,0,0,0,4.84
0,0,0,0,0,0,0,0,0,0,1,0,5.0
0,0,0,0,1,0,0,0,0,0,0,0,4.76
0,0,0,0,0,0,0,0,0,0,1,0,4.44
0,0,0,0,0,0,0,0,0,0,1,0,4.55
0,0,0,0,0,0,0,0,0,0,1,0,3.67
0,0,0,0,0,0,1,0,0,0,0,0,4.25
0,0,0,0,0,0,1,0,0,0,0,0,4.9
0,0,0,0,0,0,1,0,0,0,0,0,4.86
0,0,0,0,1,0,0,0,0,0,0,0,5.0
1,0,0,0,0,0,0,0,0,0,0,0,5.0
1,0,0,0,0,0,0,0,0,0,0,0,4.25
0,0,0,0,0,0,1,0,0,0,0,0,4.86
0,0,0,0,0,0,0,0,0,0,1,0,5.0
0,0,0,0,0,1,0,0,0,0,0,0,4.8
0,0,0,0,1,0,0,0,0,0,0,0,4.8
0,0,0,0,0,0,0,0,0,0,1,0,4.83
0,0,0,0,1,0,0,0,0,0,0,0,5.0
0,0,0,0,1,0,0,0,0,0,0,0,4.81
0,1,0,0,0,0,0,0,0,0,0,0,4.84
0,0,0,1,0,0,0,0,0,0,0,0,5.0
0,0,0,0,0,0,0,0,0,1,0,0,4.95
0,0,0,0,0,0,0,0,0,0,0,1,4.92
0,0,1,0,0,0,0,0,0,0,0,0,2.33
0,0,0,0,0,1,0,0,0,0,0,0,4.68
0,0,0,1,0,0,0,0,0,0,0,0,4.96
0,1,0,0,0,0,0,0,0,0,0,0,5.0
0,0,0,0,0,0,0,0,0,1,0,0,4.88
1,0,0,0,0,0,0,0,0,0,0,0,4.6
0,1,0,0,0,0,0,0,0,0,0,0,4.21
0,0,0,0,0,0,0,0,0,1,0,0,4.0
0,0,0,0,0,0,0,0,0,0,1,0,4.57
0,0,0,0,0,0,0,0,0,0,1,0,4.59
0,0,0,0,0,0,0,0,0,0,1,0,4.6
0,0,0,0,0,0,0,0,0,0,1,0,4.64
0,0,0,0,0,0,0,0,0,0,1,0,4.65
0,0,0,0,0,0,0,0,0,0,1,0,3.88
0,0,0,0,0,0,0,0,0,0,1,0,4.4
0,0,0,0,0,0,0,0,0,0,1,0,4.83
0,0,0,0,0,0,0,0,0,0,1,0,4.52
0,0,0,0,0,0,0,0,0,0,1,0,4.42
0,0,0,0,0,0,0,0,0,0,1,0,4.59
0,0,0,0,0,0,0,0,0,0,1,0,4.72
0,1,0,0,0,0,0,0,0,0,0,0,4.97
0,0,0,0,0,1,0,0,0,0,0,0,5.0
0,0,0,0,0,1,0,0,0,0,0,0,5.0
1,0,0,0,0,0,0,0,0,0,0,0,4.76
1,0,0,0,0,0,0,0,0,0,0,0,5.0
0,0,0,0,0,1,0,0,0,0,0,0,4.89
1,0,0,0,0,0,0,0,0,0,0,0,4.54
0,0,1,0,0,0,0,0,0,0,0,0,4.2
0,0,0,0,0,0,1,0,0,0,0,0,4.97
0,0,0,0,0,0,0,0,0,1,0,0,4.75
0,0,0,0,1,0,0,0,0,0,0,0,5.0
0,0,0,1,0,0,0,0,0,0,0,0,5.0
1,0,0,0,0,0,0,0,0,0,0,0,4.67
0,0,0,0,0,1,0,0,0,0,0,0,5.0
0,0,0,0,0,0,1,0,0,0,0,0,4.33
0,1,0,0,0,0,0,0,0,0,0,0,4.67
0,0,0,0,0,0,1,0,0,0,0,0,5.0
1,0,0,0,0,0,0,0,0,0,0,0,4.5
1,0,0,0,0,0,0,0,0,0,0,0,4.0
1,0,0,0,0,0,0,0,0,0,0,0,4.72
1,0,0,0,0,0,0,0,0,0,0,0,4.0
0,1,0,0,0,0,0,0,0,0,0,0,4.22
0,0,0,0,1,0,0,0,0,0,0,0,5.0
0,1,0,0,0,0,0,0,0,0,0,0,5.0
0,0,0,0,0,0,1,0,0,0,0,0,5.0
0,0,0,0,0,0,1,0,0,0,0,0,4.54
0,0,0,0,0,1,0,0,0,0,0,0,4.8
0,0,0,0,1,0,0,0,0,0,0,0,4.58
0,1,0,0,0,0,0,0,0,0,0,0,4.65
0,1,0,0,0,0,0,0,0,0,0,0,4.69
0,0,0,0,1,0,0,0,0,0,0,0,4.0
0,0,0,0,0,0,1,0,0,0,0,0,5.0
0,1,0,0,0,0,0,0,0,0,0,0,4.5
0,0,0,0,0,0,1,0,0,0,0,0,5.0
0,0,0,0,1,0,0,0,0,0,0,0,5.0
0,1,0,0,0,0,0,0,0,0,0,0,4.95
0,0,0,0,0,1,0,0,0,0,0,0,4.0
0,0,0,0,0,1,0,0,0,0,0,0,2.0
0,0,0,0,1,0,0,0,0,0,0,0,4.38
0,0,0,0,0,0,1,0,0,0,0,0,5.0
0,1,0,0,0,0,0,0,0,0,0,0,4.87
0,1,0,0,0,0,0,0,0,0,0,0,4.96
0,0,0,0,0,0,1,0,0,0,0,0,4.76
0,1,0,0,0,0,0,0,0,0,0,0,5.0
0,1,0,0,0,0,0,0,0,0,0,0,4.95
0,1,0,0,0,0,0,0,0,0,0,0,4.96
0,0,0,0,1,0,0,0,0,0,0,0,4.78
0,0,0,0,1,0,0,0,0,0,0,0,4.73
0,0,0,0,1,0,0,0,0,0,0,0,4.67
0,0,0,0,1,0,0,0,0,0,0,0,3.33
0,0,0,0,1,0,0,0,0,0,0,0,4.94
0,0,0,0,1,0,0,0,0,0,0,0,4.6
0,0,0,0,1,0,0,0,0,0,0,0,4.76
0,0,0,0,1,0,0,0,0,0,0,0,4.77
0,0,0,0,0,0,0,0,0,0,1,0,4.58
1,0,0,0,0,0,0,0,0,0,0,0,4.71
0,0,0,0,0,0,0,0,0,1,0,0,4.9
0,1,0,0,0,0,0,0,0,0,0,0,4.72
0,0,0,0,0,0,1,0,0,0,0,0,4.92
0,0,0,0,0,0,0,0,0,0,0,1,4.71
1,0,0,0,0,0,0,0,0,0,0,0,4.8
0,0,0,0,1,0,0,0,0,0,0,0,4.5
0,1,0,0,0,0,0,0,0,0,0,0,4.96
0,0,0,0,0,0,1,0,0,0,0,0,4.76
0,0,0,0,1,0,0,0,0,0,0,0,4.24
0,0,0,0,0,0,1,0,0,0,0,0,4.93
0,0,0,0,1,0,0,0,0,0,0,0,3.9
0,0,0,0,1,0,0,0,0,0,0,0,3.75
0,0,0,0,1,0,0,0,0,0,0,0,4.04
0,0,0,0,0,0,0,0,0,0,1,0,4.79
0,0,0,0,0,0,0,1,0,0,0,0,4.91
0,0,0,0,0,0,0,0,0,0,0,1,4.5
0,0,0,0,1,0,0,0,0,0,0,0,4.88
0,1,0,0,0,0,0,0,0,0,0,0,4.88
0,0,0,0,0,0,1,0,0,0,0,0,5.0
0,0,0,0,1,0,0,0,0,0,0,0,4.09
0,0,0,0,1,0,0,0,0,0,0,0,4.29
0,0,0,0,1,0,0,0,0,0,0,0,3.64
0,1,0,0,0,0,0,0,0,0,0,0,5.0
0,0,0,0,0,0,1,0,0,0,0,0,4.72
0,0,0,0,0,0,1,0,0,0,0,0,4.77
0,0,0,0,0,1,0,0,0,0,0,0,4.95
0,0,0,0,0,1,0,0,0,0,0,0,4.46
0,1,0,0,0,0,0,0,0,0,0,0,4.83
0,0,0,0,1,0,0,0,0,0,0,0,4.86
0,0,0,0,0,0,1,0,0,0,0,0,4.75
1,0,0,0,0,0,0,0,0,0,0,0,5.0
0,0,0,0,0,1,0,0,0,0,0,0,4.94
0,0,0,0,0,0,0,0,0,1,0,0,4.33
0,0,0,0,1,0,0,0,0,0,0,0,4.96
0,0,1,0,0,0,0,0,0,0,0,0,4.89
0,1,0,0,0,0,0,0,0,0,0,0,5.0
0,0,0,0,0,1,0,0,0,0,0,0,4.83
0,1,0,0,0,0,0,0,0,0,0,0,5.0
0,0,0,0,0,0,1,0,0,0,0,0,5.0
0,0,1,0,0,0,0,0,0,0,0,0,5.0
0,0,0,0,0,0,0,0,0,0,1,0,4.9
0,0,1,0,0,0,0,0,0,0,0,0,5.0
0,0,0,0,0,0,0,0,0,1,0,0,5.0
0,0,0,0,1,0,0,0,0,0,0,0,5.0
0,1,0,0,0,0,0,0,0,0,0,0,4.7
0,1,0,0,0,0,0,0,0,0,0,0,4.88
0,0,0,0,1,0,0,0,0,0,0,0,4.75
0,0,0,0,0,0,0,0,0,0,0,1,5.0
1,0,0,0,0,0,0,0,0,0,0,0,4.59
0,0,0,0,0,1,0,0,0,0,0,0,4.44
1,0,0,0,0,0,0,0,0,0,0,0,4.73
0,0,0,0,0,1,0,0,0,0,0,0,4.26
0,0,0,0,0,1,0,0,0,0,0,0,4.17
0,0,0,0,0,0,0,0,0,0,0,1,4.67
0,1,0,0,0,0,0,0,0,0,0,0,4.92
0,1,0,0,0,0,0,0,0,0,0,0,4.84
0,1,0,0,0,0,0,0,0,0,0,0,4.79
0,0,0,0,0,1,0,0,0,0,0,0,5.0
0,0,0,0,0,0,0,0,0,1,0,0,4.86
0,0,0,0,0,0,0,0,0,0,1,0,5.0
0,0,0,0,0,1,0,0,0,0,0,0,4.5
0,0,0,0,0,0,1,0,0,0,0,0,4.83
0,0,0,0,1,0,0,0,0,0,0,0,4.82
0,0,0,0,0,1,0,0,0,0,0,0,4.8
0,0,0,0,1,0,0,0,0,0,0,0,3.91
0,1,0,0,0,0,0,0,0,0,0,0,4.74
0,0,0,0,1,0,0,0,0,0,0,0,4.4
0,0,0,0,0,0,0,0,0,0,0,1,5.0
0,0,1,0,0,0,0,0,0,0,0,0,4.93
0,1,0,0,0,0,0,0,0,0,0,0,5.0
1,0,0,0,0,0,0,0,0,0,0,0,4.43
0,0,0,0,1,0,0,0,0,0,0,0,4.44
0,0,0,0,0,0,1,0,0,0,0,0,5.0
0,0,0,0,0,0,1,0,0,0,0,0,4.95
0,0,0,0,0,0,0,0,0,0,0,1,4.44
0,0,0,0,0,1,0,0,0,0,0,0,5.0
0,0,0,0,0,0,0,0,1,0,0,0,5.0
0,1,0,0,0,0,0,0,0,0,0,0,4.84
0,0,0,0,1,0,0,0,0,0,0,0,4.52
0,0,0,0,0,0,1,0,0,0,0,0,4.91
1,0,0,0,0,0,0,0,0,0,0,0,4.71
0,0,0,0,1,0,0,0,0,0,0,0,5.0
0,0,0,0,0,0,1,0,0,0,0,0,5.0
0,0,0,0,0,0,0,1,0,0,0,0,4.84
0,0,0,0,0,0,1,0,0,0,0,0,3.83
0,0,0,0,0,0,1,0,0,0,0,0,3.76
0,0,0,0,0,0,1,0,0,0,0,0,4.0
0,0,0,0,1,0,0,0,0,0,0,0,4.8
0,0,0,0,0,1,0,0,0,0,0,0,5.0
0,0,0,0,0,0,1,0,0,0,0,0,4.92
0,0,0,0,0,1,0,0,0,0,0,0,4.75
0,1,0,0,0,0,0,0,0,0,0,0,4.72
0,0,0,0,0,0,0,0,0,1,0,0,4.93
0,0,0,0,0,0,1,0,0,0,0,0,4.56
0,0,0,0,0,0,1,0,0,0,0,0,4.84
0,1,0,0,0,0,0,0,0,0,0,0,5.0
0,0,0,0,0,0,1,0,0,0,0,0,5.0
0,0,0,0,1,0,0,0,0,0,0,0,4.71
1,0,0,0,0,0,0,0,0,0,0,0,4.65
0,0,0,0,1,0,0,0,0,0,0,0,4.15
0,0,0,0,0,0,0,0,0,1,0,0,4.8
0,0,0,0,0,0,1,0,0,0,0,0,4.85
0,0,0,0,0,0,1,0,0,0,0,0,5.0
0,0,1,0,0,0,0,0,0,0,0,0,4.36
0,0,0,0,0,0,1,0,0,0,0,0,5.0
0,0,0,0,0,1,0,0,0,0,0,0,4.69
0,0,0,0,0,0,1,0,0,0,0,0,4.78
0,0,1,0,0,0,0,0,0,0,0,0,5.0
0,0,0,0,1,0,0,0,0,0,0,0,4.83
1,0,0,0,0,0,0,0,0,0,0,0,4.78
0,0,0,0,0,1,0,0,0,0,0,0,4.46
0,1,0,0,0,0,0,0,0,0,0,0,4.92
0,1,0,0,0,0,0,0,0,0,0,0,5.0
0,1,0,0,0,0,0,0,0,0,0,0,4.92
0,1,0,0,0,0,0,0,0,0,0,0,4.91
0,1,0,0,0,0,0,0,0,0,0,0,4.6
0,1,0,0,0,0,0,0,0,0,0,0,4.75
0,0,0,0,0,0,0,0,0,0,0,1,4.82
0,0,0,0,0,0,1,0,0,0,0,0,5.0
0,1,0,0,0,0,0,0,0,0,0,0,4.54
0,0,0,0,1,0,0,0,0,0,0,0,4.93
0,1,0,0,0,0,0,0,0,0,0,0,4.38
0,0,0,0,0,0,0,0,0,0,1,0,5.0
0,0,0,0,0,0,1,0,0,0,0,0,3.25
0,1,0,0,0,0,0,0,0,0,0,0,5.0
0,0,0,0,1,0,0,0,0,0,0,0,4.94
0,0,0,0,0,0,0,1,0,0,0,0,4.45
0,0,1,0,0,0,0,0,0,0,0,0,4.97
0,0,0,0,0,0,1,0,0,0,0,0,4.07
1,0,0,0,0,0,0,0,0,0,0,0,4.94
0,0,0,0,0,0,0,0,0,0,0,1,4.65
0,0,0,0,1,0,0,0,0,0,0,0,4.98
0,0,0,0,0,1,0,0,0,0,0,0,3.75
0,0,0,0,0,1,0,0,0,0,0,0,5.0
0,1,0,0,0,0,0,0,0,0,0,0,4.81
0,1,0,0,0,0,0,0,0,0,0,0,5.0
0,0,0,0,0,0,0,0,0,0,1,0,4.78
0,0,0,0,0,1,0,0,0,0,0,0,5.0
0,0,0,0,1,0,0,0,0,0,0,0,5.0
0,0,0,0,0,0,1,0,0,0,0,0,4.75
0,0,0,0,0,0,1,0,0,0,0,0,4.76
0,0,0,0,0,0,0,0,0,0,0,1,4.63
0,0,0,0,0,0,0,0,0,1,0,0,5.0
0,1,0,0,0,0,0,0,0,0,0,0,4.26
0,1,0,0,0,0,0,0,0,0,0,0,4.46
0,1,0,0,0,0,0,0,0,0,0,0,4.3
0,0,0,0,0,0,0,0,0,0,0,1,4.86
0,1,0,0,0,0,0,0,0,0,0,0,4.59
0,0,0,0,1,0,0,0,0,0,0,0,4.67
0,0,0,0,1,0,0,0,0,0,0,0,4.75
0,0,0,0,0,0,0,0,0,0,0,1,4.91
0,0,0,0,0,0,0,0,1,0,0,0,4.6
0,0,0,0,1,0,0,0,0,0,0,0,4.84
0,0,0,0,0,0,1,0,0,0,0,0,3.4
0,0,0,0,0,0,1,0,0,0,0,0,4.5
0,0,0,0,0,0,0,0,0,0,0,1,4.7
0,0,0,0,1,0,0,0,0,0,0,0,4.76
0,0,1,0,0,0,0,0,0,0,0,0,4.92
0,1,0,0,0,0,0,0,0,0,0,0,5.0
0,0,0,0,1,0,0,0,0,0,0,0,4.75
1,0,0,0,0,0,0,0,0,0,0,0,4.93
0,0,0,0,0,1,0,0,0,0,0,0,5.0
0,1,0,0,0,0,0,0,0,0,0,0,4.91
0,1,0,0,0,0,0,0,0,0,0,0,4.94
0,1,0,0,0,0,0,0,0,0,0,0,5.0
0,1,0,0,0,0,0,0,0,0,0,0,5.0
0,0,0,0,1,0,0,0,0,0,0,0,4.0
0,0,0,0,0,0,1,0,0,0,0,0,4.75
0,0,0,0,0,0,0,0,0,0,1,0,3.25
0,0,0,0,0,1,0,0,0,0,0,0,4.75
0,0,0,0,0,0,0,0,0,1,0,0,3.0
0,1,0,0,0,0,0,0,0,0,0,0,4.67
0,0,0,0,0,0,1,0,0,0,0,0,4.75
0,1,0,0,0,0,0,0,0,0,0,0,4.67
0,1,0,0,0,0,0,0,0,0,0,0,4.71
0,1,0,0,0,0,0,0,0,0,0,0,4.33
0,1,0,0,0,0,0,0,0,0,0,0,4.0
0,1,0,0,0,0,0,0,0,0,0,0,4.69
0,1,0,0,0,0,0,0,0,0,0,0,3.75
0,0,0,0,1,0,0,0,0,0,0,0,4.7
0,1,0,0,0,0,0,0,0,0,0,0,5.0
1,0,0,0,0,0,0,0,0,0,0,0,4.5
1,0,0,0,0,0,0,0,0,0,0,0,4.77
1,0,0,0,0,0,0,0,0,0,0,0,4.9
1,0,0,0,0,0,0,0,0,0,0,0,4.74
0,1,0,0,0,0,0,0,0,0,0,0,5.0
0,0,1,0,0,0,0,0,0,0,0,0,4.88
0,1,0,0,0,0,0,0,0,0,0,0,5.0
1,0,0,0,0,0,0,0,0,0,0,0,5.0
1,0,0,0,0,0,0,0,0,0,0,0,4.67
0,0,0,0,1,0,0,0,0,0,0,0,4.6
1,0,0,0,0,0,0,0,0,0,0,0,4.8
0,1,0,0,0,0,0,0,0,0,0,0,4.9
0,0,0,0,0,0,0,0,0,1,0,0,5.0
0,0,0,0,1,0,0,0,0,0,0,0,4.73
0,1,0,0,0,0,0,0,0,0,0,0,4.5
0,0,0,0,1,0,0,0,0,0,0,0,4.3
0,1,0,0,0,0,0,0,0,0,0,0,4.25
0,1,0,0,0,0,0,0,0,0,0,0,4.75
0,1,0,0,0,0,0,0,0,0,0,0,5.0
0,0,0,0,0,0,0,0,0,0,0,1,5.0
0,0,0,0,0,1,0,0,0,0,0,0,4.67
0,0,0,0,0,0,0,0,0,0,1,0,4.81
0,0,0,0,0,0,0,0,0,1,0,0,4.89
0,1,0,0,0,0,0,0,0,0,0,0,4.82
0,0,0,0,0,0,1,0,0,0,0,0,4.25
0,0,0,0,0,0,1,0,0,0,0,0,4.46
0,0,0,0,0,0,1,0,0,0,0,0,4.43
0,0,0,0,0,0,1,0,0,0,0,0,4.93
0,0,0,0,1,0,0,0,0,0,0,0,4.36
0,0,0,0,0,0,1,0,0,0,0,0,4.89
0,1,0,0,0,0,0,0,0,0,0,0,4.54
0,1,0,0,0,0,0,0,0,0,0,0,4.55
0,0,0,0,0,0,0,0,0,0,1,0,4.27
0,0,0,0,0,0,0,0,0,0,0,1,4.72
0,0,1,0,0,0,0,0,0,0,0,0,4.36
0,0,0,0,0,0,0,0,0,0,0,1,5.0
0,0,0,0,0,1,0,0,0,0,0,0,4.63
0,0,0,0,0,0,1,0,0,0,0,0,4.63
0,1,0,0,0,0,0,0,0,0,0,0,5.0
0,0,0,0,1,0,0,0,0,0,0,0,4.71
0,1,0,0,0,0,0,0,0,0,0,0,4.63
0,0,0,0,0,0,0,0,0,0,1,0,4.2
0,0,0,0,0,0,0,0,0,0,1,0,4.43
0,0,1,0,0,0,0,0,0,0,0,0,4.73
0,0,0,0,0,0,0,0,0,0,1,0,4.0
0,0,0,0,1,0,0,0,0,0,0,0,4.23
0,1,0,0,0,0,0,0,0,0,0,0,4.33
0,0,0,0,0,0,1,0,0,0,0,0,5.0
0,1,0,0,0,0,0,0,0,0,0,0,2.33
0,0,0,0,1,0,0,0,0,0,0,0,4.83
0,0,0,0,1,0,0,0,0,0,0,0,4.17
0,0,0,0,1,0,0,0,0,0,0,0,4.94
0,0,0,0,0,1,0,0,0,0,0,0,4.91
0,1,0,0,0,0,0,0,0,0,0,0,4.93
0,1,0,0,0,0,0,0,0,0,0,0,5.0
0,1,0,0,0,0,0,0,0,0,0,0,4.15
0,1,0,0,0,0,0,0,0,0,0,0,4.63
0,0,0,0,0,0,1,0,0,0,0,0,4.91
0,0,0,0,1,0,0,0,0,0,0,0,5.0
0,0,0,0,0,0,1,0,0,0,0,0,4.9
0,0,0,0,0,0,0,0,0,0,1,0,4.18
0,0,0,0,0,1,0,0,0,0,0,0,4.95
0,1,0,0,0,0,0,0,0,0,0,0,5.0
0,1,0,0,0,0,0,0,0,0,0,0,4.59
0,0,0,0,0,1,0,0,0,0,0,0,4.95
0,1,0,0,0,0,0,0,0,0,0,0,4.83
0,1,0,0,0,0,0,0,0,0,0,0,4.49
0,1,0,0,0,0,0,0,0,0,0,0,4.76
0,1,0,0,0,0,0,0,0,0,0,0,4.75
0,1,0,0,0,0,0,0,0,0,0,0,4.39
0,1,0,0,0,0,0,0,0,0,0,0,4.91
0,1,0,0,0,0,0,0,0,0,0,0,5.0
0,0,1,0,0,0,0,0,0,0,0,0,4.75
0,1,0,0,0,0,0,0,0,0,0,0,4.79
0,1,0,0,0,0,0,0,0,0,0,0,4.67
0,0,0,0,1,0,0,0,0,0,0,0,4.21
0,0,0,0,0,0,1,0,0,0,0,0,5.0
0,0,0,0,1,0,0,0,0,0,0,0,4.92
0,0,0,0,0,0,1,0,0,0,0,0,4.86
0,1,0,0,0,0,0,0,0,0,0,0,5.0
0,0,1,0,0,0,0,0,0,0,0,0,4.75
0,0,1,0,0,0,0,0,0,0,0,0,4.25
0,0,0,0,1,0,0,0,0,0,0,0,4.77
0,0,0,1,0,0,0,0,0,0,0,0,5.0
0,0,0,0,1,0,0,0,0,0,0,0,4.54
0,0,0,0,1,0,0,0,0,0,0,0,4.72
0,0,0,0,0,0,0,0,1,0,0,0,5.0
0,0,0,0,0,0,0,0,0,0,0,1,4.72
0,1,0,0,0,0,0,0,0,0,0,0,5.0
0,1,0,0,0,0,0,0,0,0,0,0,4.6
0,0,0,0,1,0,0,0,0,0,0,0,5.0
0,0,0,0,1,0,0,0,0,0,0,0,4.95
1,0,0,0,0,0,0,0,0,0,0,0,4.76
0,0,0,0,0,0,0,1,0,0,0,0,4.83
0,0,0,0,0,0,0,0,1,0,0,0,4.61
0,0,0,0,0,0,0,0,0,0,0,1,4.73
0,0,0,0,0,0,1,0,0,0,0,0,4.58
0,0,0,0,0,0,0,0,0,0,1,0,5.0
0,0,0,0,1,0,0,0,0,0,0,0,3.4
0,0,0,0,1,0,0,0,0,0,0,0,4.66
0,0,0,0,0,0,1,0,0,0,0,0,4.79
0,1,0,0,0,0,0,0,0,0,0,0,4.86
0,0,0,0,0,0,1,0,0,0,0,0,4.69
0,0,0,0,0,0,1,0,0,0,0,0,4.38
0,1,0,0,0,0,0,0,0,0,0,0,4.86
0,1,0,0,0,0,0,0,0,0,0,0,4.69
0,1,0,0,0,0,0,0,0,0,0,0,4.43
0,1,0,0,0,0,0,0,0,0,0,0,4.76
0,0,0,0,1,0,0,0,0,0,0,0,5.0
0,1,0,0,0,0,0,0,0,0,0,0,4.6
0,1,0,0,0,0,0,0,0,0,0,0,4.5
0,0,0,0,0,1,0,0,0,0,0,0,4.92
0,1,0,0,0,0,0,0,0,0,0,0,5.0
1,0,0,0,0,0,0,0,0,0,0,0,4.88
0,0,0,0,1,0,0,0,0,0,0,0,4.78
1,0,0,0,0,0,0,0,0,0,0,0,4.97
0,1,0,0,0,0,0,0,0,0,0,0,5.0
0,0,0,0,0,1,0,0,0,0,0,0,4.94
0,0,0,0,0,1,0,0,0,0,0,0,4.55
0,1,0,0,0,0,0,0,0,0,0,0,5.0
0,0,0,0,1,0,0,0,0,0,0,0,4.83
0,0,0,0,1,0,0,0,0,0,0,0,4.28
0,0,0,0,1,0,0,0,0,0,0,0,4.79
0,1,0,0,0,0,0,0,0,0,0,0,4.91
0,0,0,0,1,0,0,0,0,0,0,0,4.64
1,0,0,0,0,0,0,0,0,0,0,0,5.0
1,0,0,0,0,0,0,0,0,0,0,0,4.88
0,0,0,0,0,0,0,0,1,0,0,0,4.93
0,1,0,0,0,0,0,0,0,0,0,0,4.93
0,0,0,0,0,0,1,0,0,0,0,0,4.94
0,1,0,0,0,0,0,0,0,0,0,0,4.61
0,1,0,0,0,0,0,0,0,0,0,0,4.67
1,0,0,0,0,0,0,0,0,0,0,0,4.9
1,0,0,0,0,0,0,0,0,0,0,0,4.59
1,0,0,0,0,0,0,0,0,0,0,0,4.5
1,0,0,0,0,0,0,0,0,0,0,0,4.63
0,0,0,0,0,0,0,0,0,0,1,0,4.79
0,0,0,0,0,0,1,0,0,0,0,0,4.37
1,0,0,0,0,0,0,0,0,0,0,0,4.75
0,1,0,0,0,0,0,0,0,0,0,0,4.81
1,0,0,0,0,0,0,0,0,0,0,0,4.75
1,0,0,0,0,0,0,0,0,0,0,0,4.67
1,0,0,0,0,0,0,0,0,0,0,0,4.4
1,0,0,0,0,0,0,0,0,0,0,0,4.56
1,0,0,0,0,0,0,0,0,0,0,0,4.82
0,1,0,0,0,0,0,0,0,0,0,0,3.4
0,1,0,0,0,0,0,0,0,0,0,0,3.86
0,0,0,0,0,0,1,0,0,0,0,0,4.21
0,0,0,0,0,1,0,0,0,0,0,0,4.0
0,0,0,0,1,0,0,0,0,0,0,0,4.85
0,1,0,0,0,0,0,0,0,0,0,0,4.44
0,1,0,0,0,0,0,0,0,0,0,0,4.98
0,0,0,0,0,0,1,0,0,0,0,0,3.67
0,0,0,0,1,0,0,0,0,0,0,0,4.94
0,1,0,0,0,0,0,0,0,0,0,0,4.4
0,1,0,0,0,0,0,0,0,0,0,0,5.0
0,0,0,0,0,0,1,0,0,0,0,0,2.8
0,0,0,0,0,0,1,0,0,0,0,0,4.38
0,0,1,0,0,0,0,0,0,0,0,0,4.8
0,1,0,0,0,0,0,0,0,0,0,0,4.65
0,1,0,0,0,0,0,0,0,0,0,0,4.83
0,0,0,0,0,0,0,0,0,1,0,0,5.0
0,1,0,0,0,0,0,0,0,0,0,0,4.79
0,1,0,0,0,0,0,0,0,0,0,0,4.86
0,1,0,0,0,0,0,0,0,0,0,0,4.85
0,1,0,0,0,0,0,0,0,0,0,0,5.0
0,0,0,0,0,0,0,0,0,0,0,1,4.55
1,0,0,0,0,0,0,0,0,0,0,0,4.5
1,0,0,0,0,0,0,0,0,0,0,0,4.85
0,0,0,0,0,0,0,0,0,0,0,1,5.0
0,0,0,0,0,0,0,0,0,0,1,0,4.13
0,0,0,0,0,0,1,0,0,0,0,0,4.96
0,0,0,0,0,1,0,0,0,0,0,0,4.0
1,0,0,0,0,0,0,0,0,0,0,0,4.93
0,0,0,0,0,0,1,0,0,0,0,0,4.91
0,0,0,0,0,0,1,0,0,0,0,0,4.85
0,0,0,0,0,0,0,0,0,0,0,1,4.8
0,0,0,0,0,1,0,0,0,0,0,0,4.72
0,0,0,0,0,0,0,0,0,0,0,1,4.88
0,1,0,0,0,0,0,0,0,0,0,0,4.75
1,0,0,0,0,0,0,0,0,0,0,0,4.69
0,0,0,0,1,0,0,0,0,0,0,0,4.16
0,1,0,0,0,0,0,0,0,0,0,0,4.83
0,0,0,0,0,0,1,0,0,0,0,0,4.84
0,0,0,0,1,0,0,0,0,0,0,0,4.89
0,1,0,0,0,0,0,0,0,0,0,0,4.67
0,1,0,0,0,0,0,0,0,0,0,0,4.9
0,0,0,0,1,0,0,0,0,0,0,0,4.8
0,0,0,0,0,1,0,0,0,0,0,0,5.0
0,0,0,0,1,0,0,0,0,0,0,0,4.72
0,0,0,0,1,0,0,0,0,0,0,0,4.79
0,0,0,0,1,0,0,0,0,0,0,0,4.97
0,0,0,0,0,0,1,0,0,0,0,0,4.73
0,0,0,0,0,0,0,0,0,0,1,0,4.56
0,1,0,0,0,0,0,0,0,0,0,0,5.0
0,1,0,0,0,0,0,0,0,0,0,0,5.0
0,1,0,0,0,0,0,0,0,0,0,0,4.81
0,0,0,0,0,0,1,0,0,0,0,0,5.0
1,0,0,0,0,0,0,0,0,0,0,0,4.89
0,0,0,0,0,1,0,0,0,0,0,0,4.82
0,0,0,0,1,0,0,0,0,0,0,0,4.89
1,0,0,0,0,0,0,0,0,0,0,0,4.96
0,0,0,0,1,0,0,0,0,0,0,0,5.0
0,0,0,0,1,0,0,0,0,0,0,0,4.65
0,0,0,0,0,0,1,0,0,0,0,0,4.73
0,0,0,0,1,0,0,0,0,0,0,0,5.0
0,0,0,0,0,0,0,0,0,0,0,1,5.0
0,0,0,0,0,1,0,0,0,0,0,0,4.86
1,0,0,0,0,0,0,0,0,0,0,0,5.0
0,0,0,0,0,1,0,0,0,0,0,0,5.0
0,1,0,0,0,0,0,0,0,0,0,0,5.0
0,0,0,0,0,1,0,0,0,0,0,0,5.0
0,0,0,0,0,0,0,0,0,0,1,0,4.5
0,1,0,0,0,0,0,0,0,0,0,0,4.83
0,0,0,0,0,1,0,0,0,0,0,0,4.5
0,0,0,0,0,1,0,0,0,0,0,0,4.43
0,0,0,0,0,1,0,0,0,0,0,0,4.71
0,0,0,0,1,0,0,0,0,0,0,0,4.62
1,0,0,0,0,0,0,0,0,0,0,0,4.87
0,0,0,0,0,1,0,0,0,0,0,0,5.0
0,0,0,0,0,0,1,0,0,0,0,0,4.92
0,0,0,0,0,0,0,0,1,0,0,0,4.78
0,0,0,0,0,0,1,0,0,0,0,0,3.2
0,0,0,0,0,0,0,0,0,0,0,1,4.93
0,1,0,0,0,0,0,0,0,0,0,0,4.75
0,0,0,0,0,0,1,0,0,0,0,0,3.67
0,0,0,0,0,1,0,0,0,0,0,0,4.73
0,0,0,0,1,0,0,0,0,0,0,0,5.0
0,0,0,1,0,0,0,0,0,0,0,0,5.0
0,0,0,0,1,0,0,0,0,0,0,0,4.72
1,0,0,0,0,0,0,0,0,0,0,0,4.36
0,0,0,0,1,0,0,0,0,0,0,0,4.97
0,0,0,0,0,1,0,0,0,0,0,0,4.9
0,1,0,0,0,0,0,0,0,0,0,0,4.97
1,0,0,0,0,0,0,0,0,0,0,0,5.0
0,1,0,0,0,0,0,0,0,0,0,0,4.5
0,0,0,0,0,0,0,0,0,0,0,1,5.0
0,0,1,0,0,0,0,0,0,0,0,0,4.91
0,1,0,0,0,0,0,0,0,0,0,0,5.0
0,1,0,0,0,0,0,0,0,0,0,0,4.73
1,0,0,0,0,0,0,0,0,0,0,0,4.58
0,1,0,0,0,0,0,0,0,0,0,0,4.57
0,0,0,0,0,0,0,0,0,0,1,0,4.9
0,0,0,0,0,0,0,0,0,0,1,0,4.44
0,0,0,0,0,1,0,0,0,0,0,0,4.92
0,0,0,0,0,0,0,0,0,0,0,1,4.0
1,0,0,0,0,0,0,0,0,0,0,0,4.33
0,0,0,0,0,0,0,0,0,0,0,1,4.57
0,0,0,0,0,0,0,0,0,0,0,1,4.7
0,0,0,0,0,0,0,0,0,1,0,0,4.73
0,0,0,0,0,0,1,0,0,0,0,0,4.68
0,1,0,0,0,0,0,0,0,0,0,0,4.9
0,1,0,0,0,0,0,0,0,0,0,0,5.0
0,1,0,0,0,0,0,0,0,0,0,0,4.33
0,0,0,0,0,1,0,0,0,0,0,0,4.5
0,0,0,0,1,0,0,0,0,0,0,0,5.0
0,0,0,0,0,1,0,0,0,0,0,0,4.95
0,0,0,0,0,1,0,0,0,0,0,0,4.83
1,0,0,0,0,0,0,0,0,0,0,0,4.83
0,0,0,0,0,0,1,0,0,0,0,0,4.39
0,0,0,0,0,1,0,0,0,0,0,0,4.67
0,0,0,0,0,0,1,0,0,0,0,0,4.66
0,0,0,0,0,0,0,0,0,0,0,1,5.0
0,1,0,0,0,0,0,0,0,0,0,0,5.0
0,0,0,0,1,0,0,0,0,0,0,0,4.84
1,0,0,0,0,0,0,0,0,0,0,0,4.7
0,1,0,0,0,0,0,0,0,0,0,0,4.76
0,0,0,0,1,0,0,0,0,0,0,0,4.73
0,0,0,0,1,0,0,0,0,0,0,0,4.75
0,0,0,0,0,0,0,0,1,0,0,0,5.0
0,0,0,0,0,1,0,0,0,0,0,0,4.88
0,0,0,0,0,0,1,0,0,0,0,0,4.68
0,0,0,0,0,0,1,0,0,0,0,0,4.52
0,0,0,0,0,0,1,0,0,0,0,0,4.54
0,1,0,0,0,0,0,0,0,0,0,0,5.0
0,1,0,0,0,0,0,0,0,0,0,0,4.6
0,0,0,0,1,0,0,0,0,0,0,0,5.0
0,0,0,0,0,0,0,0,0,1,0,0,5.0
0,0,0,0,0,0,0,0,0,0,0,1,4.6
0,0,0,0,0,0,0,0,0,0,0,1,5.0
0,0,0,0,1,0,0,0,0,0,0,0,4.97
0,1,0,0,0,0,0,0,0,0,0,0,4.0
0,1,0,0,0,0,0,0,0,0,0,0,5.0
0,0,0,0,0,0,1,0,0,0,0,0,4.36
0,0,0,0,1,0,0,0,0,0,0,0,5.0
0,0,0,0,0,1,0,0,0,0,0,0,5.0
0,0,0,0,1,0,0,0,0,0,0,0,5.0
0,0,0,0,1,0,0,0,0,0,0,0,5.0
0,1,0,0,0,0,0,0,0,0,0,0,4.88
0,0,0,0,1,0,0,0,0,0,0,0,4.85
0,0,0,0,1,0,0,0,0,0,0,0,5.0
0,0,0,0,1,0,0,0,0,0,0,0,4.82
0,0,0,0,0,0,1,0,0,0,0,0,4.5
0,0,0,0,0,0,0,0,0,0,1,0,4.29
0,0,0,0,0,0,0,0,0,0,0,1,5.0
0,0,0,0,0,0,1,0,0,0,0,0,4.78
0,0,0,1,0,0,0,0,0,0,0,0,4.71
0,1,0,0,0,0,0,0,0,0,0,0,4.73
0,1,0,0,0,0,0,0,0,0,0,0,4.79
0,1,0,0,0,0,0,0,0,0,0,0,4.83
0,1,0,0,0,0,0,0,0,0,0,0,4.87
0,1,0,0,0,0,0,0,0,0,0,0,5.0
0,0,0,0,0,1,0,0,0,0,0,0,4.84
1,0,0,0,0,0,0,0,0,0,0,0,5.0
0,0,0,0,1,0,0,0,0,0,0,0,4.6
0,0,0,0,0,1,0,0,0,0,0,0,5.0
0,0,0,0,0,1,0,0,0,0,0,0,4.95
0,0,0,0,0,0,1,0,0,0,0,0,4.93
0,0,0,0,0,1,0,0,0,0,0,0,4.79
0,0,0,1,0,0,0,0,0,0,0,0,4.74
0,0,0,1,0,0,0,0,0,0,0,0,4.85
0,0,1,0,0,0,0,0,0,0,0,0,4.9
0,0,0,0,1,0,0,0,0,0,0,0,4.83
0,1,0,0,0,0,0,0,0,0,0,0,4.94
0,0,0,0,0,0,0,0,0,0,1,0,4.88
0,0,0,0,0,0,1,0,0,0,0,0,4.92
0,0,0,0,1,0,0,0,0,0,0,0,4.87
0,0,0,0,0,0,1,0,0,0,0,0,4.86
0,0,0,0,0,1,0,0,0,0,0,0,4.78
0,0,0,0,0,1,0,0,0,0,0,0,5.0
0,0,0,0,0,0,1,0,0,0,0,0,4.93
0,0,0,0,0,0,1,0,0,0,0,0,4.95
0,1,0,0,0,0,0,0,0,0,0,0,4.95
0,1,0,0,0,0,0,0,0,0,0,0,4.98
0,0,0,0,0,0,1,0,0,0,0,0,4.92
0,1,0,0,0,0,0,0,0,0,0,0,5.0
1,0,0,0,0,0,0,0,0,0,0,0,5.0
0,0,0,0,1,0,0,0,0,0,0,0,5.0
0,0,0,0,1,0,0,0,0,0,0,0,4.86
0,0,0,0,1,0,0,0,0,0,0,0,4.94
0,0,0,0,1,0,0,0,0,0,0,0,4.87
0,0,0,0,0,0,0,0,0,0,0,1,4.88
1,0,0,0,0,0,0,0,0,0,0,0,4.18
0,0,0,0,0,0,0,0,0,0,1,0,4.89
0,0,0,0,0,0,1,0,0,0,0,0,4.97
0,0,0,0,0,1,0,0,0,0,0,0,4.09
0,1,0,0,0,0,0,0,0,0,0,0,5.0
0,0,0,0,1,0,0,0,0,0,0,0,4.2
0,0,0,0,0,0,1,0,0,0,0,0,4.63
1,0,0,0,0,0,0,0,0,0,0,0,4.88
0,0,0,0,0,0,0,0,0,0,0,1,4.33
1,0,0,0,0,0,0,0,0,0,0,0,4.95
0,0,0,0,1,0,0,0,0,0,0,0,5.0
0,0,0,0,0,0,1,0,0,0,0,0,4.93
1,0,0,0,0,0,0,0,0,0,0,0,5.0
0,0,0,0,0,0,0,0,0,0,0,1,5.0
0,1,0,0,0,0,0,0,0,0,0,0,5.0
0,0,0,0,0,1,0,0,0,0,0,0,5.0
0,0,0,0,1,0,0,0,0,0,0,0,4.7
0,0,0,0,0,0,0,0,0,0,1,0,4.71
0,0,0,0,1,0,0,0,0,0,0,0,4.75
0,0,0,0,0,0,1,0,0,0,0,0,4.67
0,0,0,0,1,0,0,0,0,0,0,0,4.67
0,0,0,0,0,0,1,0,0,0,0,0,5.0
0,0,0,0,0,0,1,0,0,0,0,0,4.73
0,0,0,0,0,0,0,0,0,1,0,0,4.46
0,0,0,0,0,1,0,0,0,0,0,0,4.8
0,0,0,0,1,0,0,0,0,0,0,0,4.63
0,0,0,0,0,0,0,0,0,1,0,0,4.7
0,0,0,0,1,0,0,0,0,0,0,0,4.89
0,0,0,0,0,0,1,0,0,0,0,0,4.96
0,0,0,0,0,0,0,1,0,0,0,0,4.67
0,1,0,0,0,0,0,0,0,0,0,0,4.93
0,0,0,0,0,0,1,0,0,0,0,0,4.75
0,0,0,0,0,0,0,0,1,0,0,0,4.92
0,1,0,0,0,0,0,0,0,0,0,0,5.0
0,0,0,0,1,0,0,0,0,0,0,0,4.96
1,0,0,0,0,0,0,0,0,0,0,0,4.94
0,0,0,0,0,0,1,0,0,0,0,0,4.77
0,0,0,0,0,1,0,0,0,0,0,0,5.0
0,1,0,0,0,0,0,0,0,0,0,0,5.0
0,0,0,0,0,0,1,0,0,0,0,0,4.75
0,0,0,0,0,0,1,0,0,0,0,0,5.0
0,1,0,0,0,0,0,0,0,0,0,0,4.91
0,1,0,0,0,0,0,0,0,0,0,0,4.89
0,0,0,0,0,0,1,0,0,0,0,0,4.67
0,0,0,0,0,0,1,0,0,0,0,0,4.33
0,0,0,0,0,0,1,0,0,0,0,0,5.0
0,0,0,0,0,0,1,0,0,0,0,0,4.43
0,1,0,0,0,0,0,0,0,0,0,0,4.93
1,0,0,0,0,0,0,0,0,0,0,0,4.57
0,0,0,0,1,0,0,0,0,0,0,0,5.0
0,1,0,0,0,0,0,0,0,0,0,0,4.75
0,1,0,0,0,0,0,0,0,0,0,0,4.75
0,0,0,0,1,0,0,0,0,0,0,0,5.0
0,0,0,0,1,0,0,0,0,0,0,0,4.95
0,0,0,0,1,0,0,0,0,0,0,0,5.0
0,0,0,0,0,0,0,0,0,0,1,0,4.86
0,0,0,0,0,0,0,0,0,0,1,0,4.91
1,0,0,0,0,0,0,0,0,0,0,0,4.33
0,1,0,0,0,0,0,0,0,0,0,0,4.5
1,0,0,0,0,0,0,0,0,0,0,0,4.88
0,0,0,0,0,0,0,0,0,0,1,0,4.67
0,1,0,0,0,0,0,0,0,0,0,0,4.71
0,0,0,0,1,0,0,0,0,0,0,0,4.81
0,0,0,0,0,0,0,0,0,0,1,0,4.78
0,0,0,0,0,0,0,0,0,0,1,0,4.59
0,0,0,0,0,0,1,0,0,0,0,0,5.0
1,0,0,0,0,0,0,0,0,0,0,0,3.71
0,0,0,0,0,0,0,0,0,0,1,0,3.67
1,0,0,0,0,0,0,0,0,0,0,0,5.0
0,0,0,0,0,0,0,0,0,0,1,0,4.92
0,0,0,0,0,0,0,0,0,1,0,0,4.0
0,1,0,0,0,0,0,0,0,0,0,0,5.0
0,0,0,0,0,1,0,0,0,0,0,0,4.78
0,1,0,0,0,0,0,0,0,0,0,0,4.43
0,0,0,0,1,0,0,0,0,0,0,0,4.87
0,0,0,0,1,0,0,0,0,0,0,0,4.0
0,0,0,0,0,0,1,0,0,0,0,0,4.57
0,0,0,0,0,0,1,0,0,0,0,0,4.81
0,0,0,0,0,0,1,0,0,0,0,0,4.89
0,0,0,0,0,1,0,0,0,0,0,0,5.0
0,0,0,0,0,0,1,0,0,0,0,0,5.0
0,0,0,0,0,1,0,0,0,0,0,0,4.8
0,0,0,0,1,0,0,0,0,0,0,0,5.0
0,0,0,0,1,0,0,0,0,0,0,0,4.78
0,0,0,0,1,0,0,0,0,0,0,0,4.6
0,0,1,0,0,0,0,0,0,0,0,0,4.67
0,0,0,0,1,0,0,0,0,0,0,0,4.7
0,0,0,0,1,0,0,0,0,0,0,0,5.0
0,0,0,0,0,0,0,0,0,0,1,0,4.67
0,0,0,0,1,0,0,0,0,0,0,0,4.18
0,0,0,0,1,0,0,0,0,0,0,0,4.65
0,0,0,0,1,0,0,0,0,0,0,0,4.17
0,0,0,0,1,0,0,0,0,0,0,0,3.93
0,0,0,0,1,0,0,0,0,0,0,0,4.25
1,0,0,0,0,0,0,0,0,0,0,0,4.53
0,0,0,0,0,0,0,0,0,0,1,0,4.91
0,1,0,0,0,0,0,0,0,0,0,0,5.0
0,0,0,0,1,0,0,0,0,0,0,0,4.9
0,1,0,0,0,0,0,0,0,0,0,0,4.88
0,0,0,0,0,0,1,0,0,0,0,0,4.67
0,0,0,0,1,0,0,0,0,0,0,0,4.86
0,0,0,0,0,0,0,0,0,0,1,0,4.75
0,0,0,0,0,1,0,0,0,0,0,0,5.0
0,0,0,0,0,0,0,0,0,0,1,0,4.0
0,1,0,0,0,0,0,0,0,0,0,0,5.0
0,0,0,0,0,1,0,0,0,0,0,0,4.73
0,0,0,0,0,0,0,0,0,0,1,0,5.0
0,1,0,0,0,0,0,0,0,0,0,0,4.86
0,1,0,0,0,0,0,0,0,0,0,0,5.0
0,1,0,0,0,0,0,0,0,0,0,0,4.92
0,0,0,0,0,0,0,0,1,0,0,0,4.6
0,0,0,0,1,0,0,0,0,0,0,0,4.25
0,0,0,0,1,0,0,0,0,0,0,0,3.96
0,0,0,0,0,0,0,1,0,0,0,0,4.34
0,0,0,0,1,0,0,0,0,0,0,0,3.97
0,0,0,0,1,0,0,0,0,0,0,0,4.42
1,0,0,0,0,0,0,0,0,0,0,0,3.67
0,0,0,0,0,0,1,0,0,0,0,0,4.9
0,1,0,0,0,0,0,0,0,0,0,0,4.86
0,1,0,0,0,0,0,0,0,0,0,0,4.79
0,0,0,0,0,0,1,0,0,0,0,0,4.88
0,0,0,0,0,0,1,0,0,0,0,0,4.17
0,0,0,0,0,0,0,0,0,0,1,0,4.74
0,0,0,0,1,0,0,0,0,0,0,0,3.8
0,0,0,0,1,0,0,0,0,0,0,0,4.77
0,0,0,0,0,0,1,0,0,0,0,0,4.58
0,0,0,0,0,0,1,0,0,0,0,0,4.67
0,0,0,0,0,0,1,0,0,0,0,0,4.79
0,0,0,0,0,0,1,0,0,0,0,0,4.48
0,0,0,0,0,0,1,0,0,0,0,0,4.76
0,0,0,1,0,0,0,0,0,0,0,0,4.7
0,0,0,0,0,1,0,0,0,0,0,0,5.0
0,0,0,0,1,0,0,0,0,0,0,0,4.53
0,1,0,0,0,0,0,0,0,0,0,0,4.8
0,0,0,0,0,0,1,0,0,0,0,0,4.63
0,0,0,0,0,0,0,0,0,1,0,0,4.86
0,0,0,0,0,0,1,0,0,0,0,0,5.0
0,0,0,0,0,0,1,0,0,0,0,0,4.38
0,1,0,0,0,0,0,0,0,0,0,0,4.79
0,1,0,0,0,0,0,0,0,0,0,0,5.0
0,0,0,0,1,0,0,0,0,0,0,0,4.94
0,0,0,0,1,0,0,0,0,0,0,0,4.92
0,0,0,0,1,0,0,0,0,0,0,0,4.5
0,1,0,0,0,0,0,0,0,0,0,0,4.69
0,0,0,0,1,0,0,0,0,0,0,0,4.83
1,0,0,0,0,0,0,0,0,0,0,0,4.8
0,0,0,0,1,0,0,0,0,0,0,0,4.4
0,1,0,0,0,0,0,0,0,0,0,0,3.71
0,1,0,0,0,0,0,0,0,0,0,0,3.9
1,0,0,0,0,0,0,0,0,0,0,0,5.0
0,0,0,0,0,0,0,0,0,0,0,1,4.89
0,0,0,0,0,0,1,0,0,0,0,0,4.67
0,1,0,0,0,0,0,0,0,0,0,0,4.85
0,0,0,0,1,0,0,0,0,0,0,0,4.5
1,0,0,0,0,0,0,0,0,0,0,0,4.81
1,0,0,0,0,0,0,0,0,0,0,0,4.88
0,0,0,0,0,0,0,0,0,1,0,0,4.31
0,0,0,0,0,0,0,0,0,0,0,1,4.7
0,0,0,0,0,1,0,0,0,0,0,0,4.94
0,0,0,0,1,0,0,0,0,0,0,0,5.0
0,1,0,0,0,0,0,0,0,0,0,0,4.96
0,1,0,0,0,0,0,0,0,0,0,0,4.76
0,0,0,0,0,1,0,0,0,0,0,0,4.67
0,1,0,0,0,0,0,0,0,0,0,0,5.0
0,1,0,0,0,0,0,0,0,0,0,0,4.44
0,0,0,0,1,0,0,0,0,0,0,0,4.83
0,0,0,0,0,0,1,0,0,0,0,0,4.87
0,1,0,0,0,0,0,0,0,0,0,0,4.8
1,0,0,0,0,0,0,0,0,0,0,0,4.8
1,0,0,0,0,0,0,0,0,0,0,0,5.0
0,1,0,0,0,0,0,0,0,0,0,0,4.58
0,0,0,0,0,0,1,0,0,0,0,0,4.78
0,0,0,0,0,0,1,0,0,0,0,0,5.0
0,0,0,0,0,0,1,0,0,0,0,0,4.7
0,0,0,0,0,0,0,0,0,1,0,0,4.5
0,0,0,0,0,0,0,0,0,1,0,0,4.5
0,0,0,0,0,0,0,0,0,1,0,0,3.88
0,1,0,0,0,0,0,0,0,0,0,0,5.0
0,0,0,0,0,0,1,0,0,0,0,0,5.0
0,0,0,0,0,0,0,0,0,0,1,0,4.5
0,1,0,0,0,0,0,0,0,0,0,0,4.86
1,0,0,0,0,0,0,0,0,0,0,0,4.58
0,0,0,0,1,0,0,0,0,0,0,0,4.86
0,0,0,0,1,0,0,0,0,0,0,0,4.69
0,0,0,0,0,0,1,0,0,0,0,0,5.0
0,0,0,0,1,0,0,0,0,0,0,0,4.84
0,0,0,0,0,0,1,0,0,0,0,0,4.88
0,0,0,0,1,0,0,0,0,0,0,0,4.8
0,0,0,0,0,0,0,0,0,0,1,0,5.0
0,1,0,0,0,0,0,0,0,0,0,0,4.88
0,0,0,0,1,0,0,0,0,0,0,0,4.42
1,0,0,0,0,0,0,0,0,0,0,0,4.76
1,0,0,0,0,0,0,0,0,0,0,0,4.71
1,0,0,0,0,0,0,0,0,0,0,0,4.93
0,0,0,0,1,0,0,0,0,0,0,0,5.0
0,0,0,0,0,0,0,0,0,0,1,0,4.5
0,0,0,0,1,0,0,0,0,0,0,0,4.8
1,0,0,0,0,0,0,0,0,0,0,0,4.55
0,0,0,0,0,1,0,0,0,0,0,0,5.0
0,1,0,0,0,0,0,0,0,0,0,0,4.33
0,1,0,0,0,0,0,0,0,0,0,0,3.67
0,0,0,0,1,0,0,0,0,0,0,0,3.17
1,0,0,0,0,0,0,0,0,0,0,0,4.79
0,0,0,0,0,0,1,0,0,0,0,0,4.72
0,0,0,0,0,0,0,0,0,1,0,0,5.0
0,0,0,0,0,0,1,0,0,0,0,0,4.33
0,0,0,0,1,0,0,0,0,0,0,0,4.83
0,0,0,0,1,0,0,0,0,0,0,0,4.93
0,0,0,0,0,0,1,0,0,0,0,0,4.25
0,0,0,0,1,0,0,0,0,0,0,0,4.71
0,0,0,0,1,0,0,0,0,0,0,0,4.6
0,1,0,0,0,0,0,0,0,0,0,0,4.75
0,0,0,0,0,0,0,0,0,0,1,0,4.64
0,0,0,0,0,0,0,0,0,0,1,0,4.75
0,0,0,0,1,0,0,0,0,0,0,0,5.0
0,0,0,0,1,0,0,0,0,0,0,0,4.0
1,0,0,0,0,0,0,0,0,0,0,0,5.0
0,0,0,0,0,0,0,0,0,0,1,0,5.0
1,0,0,0,0,0,0,0,0,0,0,0,4.71
0,1,0,0,0,0,0,0,0,0,0,0,4.75
0,0,0,0,0,0,0,0,0,0,1,0,5.0
0,1,0,0,0,0,0,0,0,0,0,0,4.43
1,0,0,0,0,0,0,0,0,0,0,0,4.08
0,0,0,0,0,0,0,0,0,0,1,0,4.5
0,0,0,0,0,0,1,0,0,0,0,0,4.95
0,1,0,0,0,0,0,0,0,0,0,0,5.0
0,0,0,0,0,0,0,0,0,1,0,0,4.5
0,0,0,0,0,0,1,0,0,0,0,0,4.92
0,1,0,0,0,0,0,0,0,0,0,0,5.0
0,0,0,0,0,0,1,0,0,0,0,0,5.0
0,1,0,0,0,0,0,0,0,0,0,0,4.85
0,1,0,0,0,0,0,0,0,0,0,0,4.85
0,0,0,0,1,0,0,0,0,0,0,0,4.88
0,0,0,0,1,0,0,0,0,0,0,0,5.0
0,0,0,0,1,0,0,0,0,0,0,0,5.0
0,0,0,0,0,0,1,0,0,0,0,0,5.0
0,0,0,0,1,0,0,0,0,0,0,0,4.75
0,0,1,0,0,0,0,0,0,0,0,0,5.0
0,0,0,0,0,0,1,0,0,0,0,0,4.88
1,0,0,0,0,0,0,0,0,0,0,0,4.67
0,0,0,0,0,0,0,0,0,0,1,0,4.86
0,0,0,0,0,0,1,0,0,0,0,0,4.75
0,0,0,0,1,0,0,0,0,0,0,0,4.75
0,1,0,0,0,0,0,0,0,0,0,0,5.0
0,0,0,0,0,0,0,0,0,0,1,0,5.0
0,0,1,0,0,0,0,0,0,0,0,0,5.0
0,1,0,0,0,0,0,0,0,0,0,0,4.33
0,1,0,0,0,0,0,0,0,0,0,0,4.0
0,1,0,0,0,0,0,0,0,0,0,0,4.0
0,0,0,0,0,0,0,0,0,0,0,1,5.0
0,0,0,0,1,0,0,0,0,0,0,0,4.42
0,0,0,0,0,0,0,0,0,0,1,0,5.0
0,1,0,0,0,0,0,0,0,0,0,0,5.0
0,0,0,0,0,1,0,0,0,0,0,0,4.95
0,0,0,0,0,0,0,0,0,0,1,0,5.0
0,0,0,0,0,0,1,0,0,0,0,0,4.18
0,0,0,0,1,0,0,0,0,0,0,0,4.33
0,0,0,0,0,0,0,0,0,1,0,0,2.33
0,1,0,0,0,0,0,0,0,0,0,0,4.87
0,0,0,0,1,0,0,0,0,0,0,0,4.86
0,0,0,0,0,0,1,0,0,0,0,0,4.75
0,1,0,0,0,0,0,0,0,0,0,0,3.86
0,0,0,0,0,0,0,0,0,0,1,0,4.67
0,0,0,0,1,0,0,0,0,0,0,0,4.94
0,0,0,0,0,0,1,0,0,0,0,0,3.86
0,0,0,0,0,0,0,0,0,0,1,0,4.75
1,0,0,0,0,0,0,0,0,0,0,0,3.6
1,0,0,0,0,0,0,0,0,0,0,0,4.6
0,0,0,0,1,0,0,0,0,0,0,0,4.0
0,0,0,0,0,0,1,0,0,0,0,0,4.55
0,0,0,0,1,0,0,0,0,0,0,0,4.89
0,0,0,0,1,0,0,0,0,0,0,0,4.86
0,0,0,0,1,0,0,0,0,0,0,0,5.0
0,0,0,0,1,0,0,0,0,0,0,0,5.0
0,1,0,0,0,0,0,0,0,0,0,0,5.0
0,1,0,0,0,0,0,0,0,0,0,0,4.88
0,1,0,0,0,0,0,0,0,0,0,0,4.83
0,1,0,0,0,0,0,0,0,0,0,0,4.67
0,0,0,0,1,0,0,0,0,0,0,0,4.67
0,0,0,0,0,0,1,0,0,0,0,0,4.62
0,1,0,0,0,0,0,0,0,0,0,0,5.0
0,0,0,0,0,0,1,0,0,0,0,0,5.0
0,0,0,0,0,0,1,0,0,0,0,0,4.67
0,0,0,0,0,0,1,0,0,0,0,0,4.8
0,0,0,0,0,1,0,0,0,0,0,0,4.81
0,1,0,0,0,0,0,0,0,0,0,0,4.61
0,0,0,0,0,0,1,0,0,0,0,0,5.0
0,1,0,0,0,0,0,0,0,0,0,0,3.5
0,1,0,0,0,0,0,0,0,0,0,0,4.14
0,1,0,0,0,0,0,0,0,0,0,0,4.5
0,0,0,0,1,0,0,0,0,0,0,0,5.0
0,0,0,0,0,1,0,0,0,0,0,0,4.92
0,0,0,0,1,0,0,0,0,0,0,0,5.0
0,0,1,0,0,0,0,0,0,0,0,0,4.64
0,0,0,0,1,0,0,0,0,0,0,0,4.82
0,1,0,0,0,0,0,0,0,0,0,0,4.0
0,1,0,0,0,0,0,0,0,0,0,0,3.6
0,1,0,0,0,0,0,0,0,0,0,0,4.75
1,0,0,0,0,0,0,0,0,0,0,0,5.0
0,1,0,0,0,0,0,0,0,0,0,0,4.0
0,1,0,0,0,0,0,0,0,0,0,0,5.0
0,0,0,0,0,1,0,0,0,0,0,0,4.2
0,0,0,0,1,0,0,0,0,0,0,0,4.2
1,0,0,0,0,0,0,0,0,0,0,0,4.93
0,0,1,0,0,0,0,0,0,0,0,0,4.71
0,1,0,0,0,0,0,0,0,0,0,0,5.0
0,0,0,0,0,0,0,1,0,0,0,0,4.9
0,0,0,0,0,1,0,0,0,0,0,0,5.0
1,0,0,0,0,0,0,0,0,0,0,0,5.0
0,0,0,0,0,0,1,0,0,0,0,0,4.8
0,1,0,0,0,0,0,0,0,0,0,0,4.94
0,0,0,0,0,0,0,0,0,1,0,0,5.0
0,0,0,0,1,0,0,0,0,0,0,0,4.8
0,1,0,0,0,0,0,0,0,0,0,0,4.81
0,0,0,0,0,0,1,0,0,0,0,0,4.83
0,0,0,0,0,0,0,1,0,0,0,0,4.57
1,0,0,0,0,0,0,0,0,0,0,0,4.8
0,1,0,0,0,0,0,0,0,0,0,0,4.77
0,0,0,0,0,1,0,0,0,0,0,0,4.0
0,0,0,0,0,0,1,0,0,0,0,0,4.6
0,0,0,0,0,0,1,0,0,0,0,0,4.14
0,0,1,0,0,0,0,0,0,0,0,0,4.67
0,0,0,0,1,0,0,0,0,0,0,0,4.72
0,0,0,0,1,0,0,0,0,0,0,0,4.0
0,0,0,0,1,0,0,0,0,0,0,0,3.67
0,0,0,0,1,0,0,0,0,0,0,0,4.67
1,0,0,0,0,0,0,0,0,0,0,0,5.0
0,0,0,0,1,0,0,0,0,0,0,0,4.33
0,0,0,0,1,0,0,0,0,0,0,0,4.43
0,0,0,0,1,0,0,0,0,0,0,0,4.3
0,0,0,0,1,0,0,0,0,0,0,0,4.83
0,0,0,0,1,0,0,0,0,0,0,0,4.0
0,0,0,1,0,0,0,0,0,0,0,0,5.0
0,0,0,0,1,0,0,0,0,0,0,0,4.67
0,0,1,0,0,0,0,0,0,0,0,0,4.8
0,0,0,0,0,0,0,0,0,0,1,0,5.0
0,1,0,0,0,0,0,0,0,0,0,0,4.38
0,1,0,0,0,0,0,0,0,0,0,0,5.0
0,0,1,0,0,0,0,0,0,0,0,0,5.0
0,0,0,0,0,0,1,0,0,0,0,0,4.89
0,0,0,0,0,0,1,0,0,0,0,0,3.4
0,0,0,0,0,0,1,0,0,0,0,0,4.92
1,0,0,0,0,0,0,0,0,0,0,0,5.0
1,0,0,0,0,0,0,0,0,0,0,0,4.67
0,1,0,0,0,0,0,0,0,0,0,0,5.0
0,0,0,0,0,0,0,0,0,0,1,0,5.0
0,0,0,0,0,0,0,0,0,0,1,0,4.4
0,1,0,0,0,0,0,0,0,0,0,0,4.77
0,1,0,0,0,0,0,0,0,0,0,0,5.0
0,1,0,0,0,0,0,0,0,0,0,0,4.9
0,0,0,0,1,0,0,0,0,0,0,0,4.64
0,0,0,0,1,0,0,0,0,0,0,0,4.91
1,0,0,0,0,0,0,0,0,0,0,0,5.0
0,0,0,0,0,0,0,0,0,1,0,0,4.89
0,0,0,0,0,0,1,0,0,0,0,0,3.25
0,0,0,0,1,0,0,0,0,0,0,0,4.94
1,0,0,0,0,0,0,0,0,0,0,0,4.75
0,0,0,0,0,0,1,0,0,0,0,0,4.75
0,0,0,0,0,0,0,0,0,0,0,1,5.0
1,0,0,0,0,0,0,0,0,0,0,0,4.8
0,0,0,0,1,0,0,0,0,0,0,0,4.89
0,1,0,0,0,0,0,0,0,0,0,0,4.56
0,1,0,0,0,0,0,0,0,0,0,0,5.0
0,0,0,0,1,0,0,0,0,0,0,0,4.75
0,0,0,0,0,0,1,0,0,0,0,0,4.63
0,0,0,0,0,0,0,1,0,0,0,0,3.0
0,0,0,0,0,0,0,0,0,0,0,1,4.25
0,1,0,0,0,0,0,0,0,0,0,0,5.0
0,0,0,0,1,0,0,0,0,0,0,0,4.8
0,0,0,0,1,0,0,0,0,0,0,0,5.0
0,0,0,0,1,0,0,0,0,0,0,0,5.0
0,0,0,0,0,1,0,0,0,0,0,0,5.0
0,0,0,0,0,0,1,0,0,0,0,0,5.0
0,1,0,0,0,0,0,0,0,0,0,0,3.86
0,0,0,0,0,0,1,0,0,0,0,0,4.65
0,0,0,0,1,0,0,0,0,0,0,0,5.0
0,1,0,0,0,0,0,0,0,0,0,0,4.63
0,0,0,0,0,0,1,0,0,0,0,0,4.88
0,0,0,0,0,1,0,0,0,0,0,0,4.89
0,0,0,0,0,0,0,0,1,0,0,0,5.0
0,0,0,0,1,0,0,0,0,0,0,0,4.8
0,1,0,0,0,0,0,0,0,0,0,0,5.0
0,0,0,0,1,0,0,0,0,0,0,0,4.25
0,0,0,0,0,0,0,0,0,0,1,0,4.67
1,0,0,0,0,0,0,0,0,0,0,0,5.0
0,1,0,0,0,0,0,0,0,0,0,0,5.0
1,0,0,0,0,0,0,0,0,0,0,0,5.0
0,0,0,0,0,1,0,0,0,0,0,0,4.75
0,0,0,0,1,0,0,0,0,0,0,0,5.0
0,0,0,1,0,0,0,0,0,0,0,0,4.89
1,0,0,0,0,0,0,0,0,0,0,0,5.0
0,1,0,0,0,0,0,0,0,0,0,0,5.0
0,1,0,0,0,0,0,0,0,0,0,0,4.33
0,1,0,0,0,0,0,0,0,0,0,0,4.9
0,1,0,0,0,0,0,0,0,0,0,0,4.86
0,0,0,0,1,0,0,0,0,0,0,0,5.0
0,0,0,0,1,0,0,0,0,0,0,0,4.88
0,0,0,0,0,0,0,0,0,0,1,0,5.0
0,0,0,0,1,0,0,0,0,0,0,0,5.0
0,0,0,0,0,0,0,0,0,0,1,0,5.0
0,1,0,0,0,0,0,0,0,0,0,0,5.0
0,1,0,0,0,0,0,0,0,0,0,0,4.86
0,0,0,0,0,0,1,0,0,0,0,0,4.75
1,0,0,0,0,0,0,0,0,0,0,0,4.75
0,0,0,0,0,0,0,0,0,1,0,0,4.2
0,1,0,0,0,0,0,0,0,0,0,0,4.86
1,0,0,0,0,0,0,0,0,0,0,0,4.45
1,0,0,0,0,0,0,0,0,0,0,0,4.22
1,0,0,0,0,0,0,0,0,0,0,0,4.71
0,0,0,0,1,0,0,0,0,0,0,0,3.67
0,1,0,0,0,0,0,0,0,0,0,0,4.5
0,0,0,0,0,0,1,0,0,0,0,0,4.85
0,1,0,0,0,0,0,0,0,0,0,0,5.0
0,0,0,0,0,0,0,0,0,0,1,0,4.0
0,0,0,0,0,0,0,0,1,0,0,0,5.0
0,0,1,0,0,0,0,0,0,0,0,0,5.0
0,0,0,0,1,0,0,0,0,0,0,0,5.0
0,0,0,0,1,0,0,0,0,0,0,0,4.75
0,1,0,0,0,0,0,0,0,0,0,0,4.8
0,0,0,0,1,0,0,0,0,0,0,0,4.75
0,0,0,0,0,0,0,0,1,0,0,0,4.29
0,0,0,0,0,0,1,0,0,0,0,0,5.0
0,1,0,0,0,0,0,0,0,0,0,0,5.0
0,0,0,0,0,0,0,0,0,0,0,1,5.0
0,0,0,0,1,0,0,0,0,0,0,0,5.0
0,0,0,0,0,0,0,0,0,1,0,0,4.33
1,0,0,0,0,0,0,0,0,0,0,0,4.75
0,1,0,0,0,0,0,0,0,0,0,0,4.0
0,0,0,0,1,0,0,0,0,0,0,0,5.0
0,0,0,0,1,0,0,0,0,0,0,0,4.4
1,0,0,0,0,0,0,0,0,0,0,0,5.0
1,0,0,0,0,0,0,0,0,0,0,0,4.89
0,1,0,0,0,0,0,0,0,0,0,0,5.0
0,0,0,0,0,0,0,0,0,0,0,1,5.0
1,0,0,0,0,0,0,0,0,0,0,0,4.0
1,0,0,0,0,0,0,0,0,0,0,0,5.0
1,0,0,0,0,0,0,0,0,0,0,0,5.0
0,0,0,0,0,0,1,0,0,0,0,0,5.0
0,0,0,0,0,0,1,0,0,0,0,0,4.8
0,0,0,0,0,0,1,0,0,0,0,0,4.5
0,0,0,0,0,0,1,0,0,0,0,0,4.33
1,0,0,0,0,0,0,0,0,0,0,0,5.0
0,0,0,0,0,0,1,0,0,0,0,0,4.75
0,0,0,0,0,0,0,0,1,0,0,0,5.0
0,0,0,0,1,0,0,0,0,0,0,0,5.0
0,1,0,0,0,0,0,0,0,0,0,0,5.0
0,1,0,0,0,0,0,0,0,0,0,0,5.0
0,0,0,0,0,0,0,0,0,0,1,0,4.67
1,0,0,0,0,0,0,0,0,0,0,0,3.75
0,0,0,0,1,0,0,0,0,0,0,0,5.0
0,0,0,0,1,0,0,0,0,0,0,0,5.0
1,0,0,0,0,0,0,0,0,0,0,0,5.0
0,1,0,0,0,0,0,0,0,0,0,0,3.0
0,1,0,0,0,0,0,0,0,0,0,0,3.5
0,0,0,0,1,0,0,0,0,0,0,0,4.6
0,1,0,0,0,0,0,0,0,0,0,0,5.0
0,0,0,0,0,0,1,0,0,0,0,0,4.7
0,1,0,0,0,0,0,0,0,0,0,0,5.0
0,1,0,0,0,0,0,0,0,0,0,0,5.0
0,0,0,0,0,1,0,0,0,0,0,0,5.0
1,0,0,0,0,0,0,0,0,0,0,0,4.67
0,1,0,0,0,0,0,0,0,0,0,0,5.0
1,0,0,0,0,0,0,0,0,0,0,0,5.0
